date,close,open,high,low,volume
2020-08-17T00:00:00-04:00,159.12,158.66,159.75,157.71,53824000.0
2020-08-18T00:00:00-04:00,165.62,160.6,166.0,160.29,106920000.0
2020-08-19T00:00:00-04:00,163.02,165.15,165.79,162.8,83702000.0
2020-08-20T00:00:00-04:00,164.87,162.6,165.63,161.9,66650000.0
2020-08-21T00:00:00-04:00,164.24,164.75,165.72,163.77,71518000.0
2020-08-24T00:00:00-04:00,165.37,165.51,169.02,162.88,93326000.0
2020-08-25T00:00:00-04:00,167.32,164.75,167.87,163.35,79856000.0
2020-08-26T00:00:00-04:00,172.09,167.56,172.59,167.23,130174000.0
2020-08-27T00:00:00-04:00,170.0,172.5,172.65,168.9,85296000.0
2020-08-28T00:00:00-04:00,170.09,171.15,171.67,169.32,57940000.0
2020-08-31T00:00:00-04:00,172.55,170.45,174.75,170.25,83718000.0
2020-09-01T00:00:00-04:00,174.96,174.48,175.69,173.35,68644000.0
2020-09-02T00:00:00-04:00,176.57,177.35,177.61,174.33,78630000.0
2020-09-03T00:00:00-04:00,168.4,174.25,174.42,165.15,163222000.0
2020-09-04T00:00:00-04:00,164.73,165.9,169.07,155.56,175636000.0
2020-09-08T00:00:00-04:00,157.49,157.2,162.54,156.5,121884000.0
2020-09-09T00:00:00-04:00,163.43,160.15,165.16,159.25,103774000.0
2020-09-10T00:00:00-04:00,158.76,165.36,167.49,158.53,106614000.0
2020-09-11T00:00:00-04:00,155.81,160.43,160.87,154.2,101880000.0
2020-09-14T00:00:00-04:00,155.15,158.65,159.37,154.8,90592000.0
2020-09-15T00:00:00-04:00,157.81,156.81,158.75,155.45,80430000.0
2020-09-16T00:00:00-04:00,153.9,159.0,159.36,153.71,90244000.0
2020-09-17T00:00:00-04:00,150.44,150.46,151.47,148.63,128982000.0
2020-09-18T00:00:00-04:00,147.75,151.59,151.89,145.28,177852000.0
2020-09-21T00:00:00-04:00,148.02,145.32,148.1,143.55,122358000.0
2020-09-22T00:00:00-04:00,156.45,151.69,156.7,150.01,138976000.0
2020-09-23T00:00:00-04:00,149.99,156.02,156.35,149.62,113054000.0
2020-09-24T00:00:00-04:00,150.99,148.89,153.46,148.25,110588000.0
2020-09-25T00:00:00-04:00,154.76,152.74,155.08,149.95,92304000.0
2020-09-28T00:00:00-04:00,158.7,157.44,158.75,155.86,84484000.0
2020-09-29T00:00:00-04:00,157.24,158.77,159.41,156.63,69916000.0
2020-09-30T00:00:00-04:00,157.44,157.06,160.64,156.7,97922000.0
2020-10-01T00:00:00-04:00,161.06,160.4,161.2,158.6,99438000.0
2020-10-02T00:00:00-04:00,156.25,157.68,159.79,156.15,112262000.0
2020-10-05T00:00:00-04:00,159.96,157.29,160.13,157.04,75506000.0
2020-10-06T00:00:00-04:00,155.0,158.25,159.1,154.5,101738000.0
2020-10-07T00:00:00-04:00,159.78,156.75,160.0,156.62,86188000.0
2020-10-08T00:00:00-04:00,159.53,161.25,161.66,158.75,63482000.0
2020-10-09T00:00:00-04:00,164.33,160.5,164.45,159.89,98158000.0
2020-10-12T00:00:00-04:00,172.15,167.5,174.81,166.98,167284000.0
2020-10-13T00:00:00-04:00,172.18,173.4,174.62,171.21,114894000.0
2020-10-14T00:00:00-04:00,168.19,172.35,173.24,167.0,116254000.0
2020-10-15T00:00:00-04:00,166.93,164.6,167.79,164.0,104468000.0
2020-10-16T00:00:00-04:00,163.64,168.16,169.98,158.0,129488000.0
2020-10-19T00:00:00-04:00,160.36,164.98,166.45,159.64,104472000.0
2020-10-20T00:00:00-04:00,160.85,161.11,163.3,159.6,90194000.0
2020-10-21T00:00:00-04:00,159.25,160.63,161.69,158.0,91854000.0
2020-10-22T00:00:00-04:00,158.82,159.49,159.94,156.1,84240000.0
2020-10-23T00:00:00-04:00,160.22,159.55,160.27,157.0,69334000.0
2020-10-26T00:00:00-04:00,160.35,159.94,164.15,157.66,118024000.0
2020-10-27T00:00:00-04:00,164.32,161.25,164.58,160.57,85820000.0
2020-10-28T00:00:00-04:00,158.14,162.46,163.2,158.12,111766000.0
2020-10-29T00:00:00-04:00,160.55,160.06,162.86,158.2,131930000.0
2020-10-30T00:00:00-04:00,151.81,157.89,158.35,150.95,167728000.0
2020-11-02T00:00:00-05:00,150.22,153.09,153.99,147.51,145148000.0
2020-11-03T00:00:00-05:00,152.42,150.93,153.74,149.05,97958000.0
2020-11-04T00:00:00-05:00,162.06,158.0,162.24,156.99,136780000.0
2020-11-05T00:00:00-05:00,166.1,166.0,168.34,164.44,115786000.0
2020-11-06T00:00:00-05:00,165.57,165.23,166.1,161.6,92946000.0
2020-11-09T00:00:00-05:00,157.19,161.55,164.45,155.61,143808000.0
2020-11-10T00:00:00-05:00,151.75,154.75,155.7,150.97,131820000.0
2020-11-11T00:00:00-05:00,156.87,153.09,156.96,152.5,87338000.0
2020-11-12T00:00:00-05:00,155.51,158.0,158.79,154.3,87240000.0
2020-11-13T00:00:00-05:00,156.44,156.1,157.09,154.27,75124000.0
2020-11-16T00:00:00-05:00,156.55,154.66,157.13,153.63,76174000.0
2020-11-17T00:00:00-05:00,156.78,159.18,159.46,156.76,68894000.0
2020-11-18T00:00:00-05:00,155.27,156.7,157.0,155.26,58336000.0
2020-11-19T00:00:00-05:00,155.85,155.27,156.25,154.05,60206000.0
2020-11-20T00:00:00-05:00,154.97,155.85,156.64,154.9,67488000.0
2020-11-23T00:00:00-05:00,154.92,155.84,156.99,153.27,94178000.0
2020-11-24T00:00:00-05:00,155.9,155.02,156.71,154.31,72042000.0
2020-11-25T00:00:00-05:00,159.25,157.09,159.9,157.01,75808000.0
2020-11-27T00:00:00-05:00,159.77,160.56,160.81,159.5,47858000.0
2020-11-30T00:00:00-05:00,158.4,160.42,161.42,156.28,81278000.0
2020-12-01T00:00:00-05:00,161.0,159.43,162.45,157.86,90740000.0
2020-12-02T00:00:00-05:00,160.18,161.08,161.6,158.66,62586000.0
2020-12-03T00:00:00-05:00,159.34,160.27,161.43,159.07,57840000.0
2020-12-04T00:00:00-05:00,158.13,159.91,159.91,157.94,58272000.0
2020-12-07T00:00:00-05:00,157.9,157.82,159.04,157.08,55026000.0
2020-12-08T00:00:00-05:00,158.86,157.95,159.21,156.0,65726000.0
2020-12-09T00:00:00-05:00,155.21,158.39,158.72,154.4,82016000.0
2020-12-10T00:00:00-05:00,155.07,154.45,157.1,153.8,60604000.0
2020-12-11T00:00:00-05:00,155.82,154.83,155.93,153.64,61294000.0
2020-12-14T00:00:00-05:00,157.85,157.15,159.52,156.3,83116000.0
2020-12-15T00:00:00-05:00,158.26,159.05,159.43,156.52,66390000.0
2020-12-16T00:00:00-05:00,162.05,158.8,162.35,158.18,88552000.0
2020-12-17T00:00:00-05:00,161.8,162.5,163.18,161.05,69486000.0
2020-12-18T00:00:00-05:00,160.08,162.2,162.47,158.58,119914000.0
2020-12-21T00:00:00-05:00,160.31,160.0,161.35,158.3,76736000.0
2020-12-22T00:00:00-05:00,160.33,160.14,161.1,159.0,47388000.0
2020-12-23T00:00:00-05:00,159.26,160.25,160.51,159.21,41876000.0
2020-12-24T00:00:00-05:00,158.63,159.7,160.1,158.45,29038000.0
2020-12-28T00:00:00-05:00,164.2,159.7,165.2,158.63,113736000.0
2020-12-29T00:00:00-05:00,166.1,165.5,167.53,164.06,97458000.0
2020-12-30T00:00:00-05:00,164.29,167.05,167.1,164.12,64186000.0
2020-12-31T00:00:00-05:00,162.85,163.75,164.15,162.06,59144000.0
2021-01-04T00:00:00-05:00,159.33,163.5,163.6,157.2,88228000.0
2021-01-05T00:00:00-05:00,160.93,158.3,161.17,158.25,53110000.0
2021-01-06T00:00:00-05:00,156.92,157.32,159.88,156.56,87896000.0
2021-01-07T00:00:00-05:00,158.11,157.85,160.43,157.75,70290000.0
2021-01-08T00:00:00-05:00,159.13,159.0,159.53,157.11,70754000.0
2021-01-11T00:00:00-05:00,155.71,157.4,157.82,155.5,73668000.0
2021-01-12T00:00:00-05:00,156.04,156.0,157.11,154.3,70292000.0
2021-01-13T00:00:00-05:00,158.29,156.42,159.5,156.1,66424000.0
2021-01-14T00:00:00-05:00,156.37,158.38,158.9,156.03,61418000.0
2021-01-15T00:00:00-05:00,155.21,156.15,157.13,154.76,84880000.0
2021-01-19T00:00:00-05:00,156.04,155.35,157.25,154.8,66102000.0
2021-01-20T00:00:00-05:00,163.17,159.1,163.99,158.75,106196000.0
2021-01-21T00:00:00-05:00,165.35,164.65,167.43,164.48,98722000.0
2021-01-22T00:00:00-05:00,164.61,165.22,166.1,164.16,56438000.0
2021-01-25T00:00:00-05:00,164.7,166.43,168.19,162.16,74996000.0
2021-01-26T00:00:00-05:00,166.31,164.82,166.9,164.14,59104000.0
2021-01-27T00:00:00-05:00,161.63,167.07,167.33,160.35,93204000.0
2021-01-28T00:00:00-05:00,161.88,161.75,165.08,161.43,62984000.0
2021-01-29T00:00:00-05:00,160.31,161.5,161.85,159.23,85872000.0
2021-02-01T00:00:00-05:00,167.14,162.12,167.51,161.75,83204000.0
2021-02-02T00:00:00-05:00,169.0,169.0,171.39,168.06,141972000.0
2021-02-03T00:00:00-05:00,165.63,171.25,171.7,165.43,141776000.0
2021-02-04T00:00:00-05:00,166.55,166.5,167.35,163.89,73414000.0
2021-02-05T00:00:00-05:00,167.61,165.95,168.85,165.14,72416000.0
2021-02-08T00:00:00-05:00,166.15,167.93,168.25,165.2,65148000.0
2021-02-09T00:00:00-05:00,165.25,165.62,166.9,164.89,44070000.0
2021-02-10T00:00:00-05:00,164.33,165.7,165.9,162.7,63032000.0
2021-02-11T00:00:00-05:00,163.11,164.6,164.6,162.4,46028000.0
2021-02-12T00:00:00-05:00,163.89,162.5,164.01,161.67,46706000.0
2021-02-16T00:00:00-05:00,163.45,162.7,165.41,162.68,51494000.0
2021-02-17T00:00:00-05:00,165.43,163.18,166.05,162.98,65950000.0
2021-02-18T00:00:00-05:00,166.41,164.12,166.9,163.7,60548000.0
2021-02-19T00:00:00-05:00,162.49,166.41,166.68,162.29,86104000.0
2021-02-22T00:00:00-05:00,159.04,160.41,161.62,158.61,70314000.0
2021-02-23T00:00:00-05:00,159.73,156.35,160.24,154.68,93544000.0
2021-02-24T00:00:00-05:00,157.98,158.34,158.56,156.27,60226000.0
2021-02-25T00:00:00-05:00,152.86,156.84,158.91,152.39,90676000.0
2021-02-26T00:00:00-05:00,154.65,154.76,156.12,151.84,85518000.0
2021-03-01T00:00:00-05:00,157.31,156.39,157.48,154.9,54582000.0
2021-03-02T00:00:00-05:00,154.73,157.17,158.18,154.36,51916000.0
2021-03-03T00:00:00-05:00,150.25,154.06,155.39,149.75,79774000.0
2021-03-04T00:00:00-05:00,148.88,150.6,152.91,147.27,109632000.0
2021-03-05T00:00:00-05:00,150.02,150.25,150.45,144.05,107772000.0
2021-03-08T00:00:00-05:00,147.6,150.75,153.23,147.57,83700000.0
2021-03-09T00:00:00-05:00,153.14,150.9,154.55,150.26,80600000.0
2021-03-10T00:00:00-05:00,152.88,154.92,155.82,151.5,60250000.0
2021-03-11T00:00:00-05:00,155.68,155.2,156.59,154.15,55528000.0
2021-03-12T00:00:00-05:00,154.47,153.75,154.95,152.27,48438000.0
2021-03-15T00:00:00-04:00,154.08,153.73,154.11,151.6,58272000.0
2021-03-16T00:00:00-04:00,154.59,155.25,156.45,153.79,50776000.0
2021-03-17T00:00:00-04:00,156.79,153.66,158.65,153.51,62372000.0
2021-03-18T00:00:00-04:00,151.4,155.05,155.83,151.25,72992000.0
2021-03-19T00:00:00-04:00,153.75,151.46,153.86,150.83,92508000.0
2021-03-22T00:00:00-04:00,155.54,153.39,156.33,153.0,58044000.0
2021-03-23T00:00:00-04:00,156.88,156.35,159.1,156.04,76346000.0
2021-03-24T00:00:00-04:00,154.35,157.55,158.02,154.26,59180000.0
2021-03-25T00:00:00-04:00,152.31,153.65,155.49,151.86,71270000.0
2021-03-26T00:00:00-04:00,152.6,152.2,152.83,149.8,66258000.0
2021-03-29T00:00:00-04:00,153.79,152.77,154.56,151.42,54920000.0
2021-03-30T00:00:00-04:00,152.76,153.5,153.65,151.7,46752000.0
2021-03-31T00:00:00-04:00,154.7,153.2,155.97,153.13,61878000.0
2021-04-01T00:00:00-04:00,158.05,155.9,158.12,155.78,58806000.0
2021-04-05T00:00:00-04:00,161.34,158.65,161.8,158.06,66698000.0
2021-04-06T00:00:00-04:00,161.19,161.19,162.37,160.85,50756000.0
2021-04-07T00:00:00-04:00,163.97,161.69,165.18,161.18,66924000.0
2021-04-08T00:00:00-04:00,164.96,165.54,166.23,164.6,56242000.0
2021-04-09T00:00:00-04:00,168.61,165.24,168.61,164.45,86830000.0
2021-04-12T00:00:00-04:00,168.97,167.76,169.75,167.56,65636000.0
2021-04-13T00:00:00-04:00,170.0,170.04,171.6,169.78,66316000.0
2021-04-14T00:00:00-04:00,166.65,170.2,170.21,166.3,62904000.0
2021-04-15T00:00:00-04:00,168.95,168.55,169.85,167.6,64672000.0
2021-04-16T00:00:00-04:00,169.97,169.0,170.34,167.78,63720000.0
2021-04-19T00:00:00-04:00,168.6,169.52,171.8,168.01,54508000.0
2021-04-20T00:00:00-04:00,166.73,168.68,169.15,165.8,52460000.0
2021-04-21T00:00:00-04:00,168.1,165.8,168.14,165.19,44224000.0
2021-04-22T00:00:00-04:00,165.45,168.58,168.64,165.07,51612000.0
2021-04-23T00:00:00-04:00,167.04,165.96,168.75,165.43,63856000.0
2021-04-26T00:00:00-04:00,170.45,167.4,171.42,166.55,97614000.0
2021-04-27T00:00:00-04:00,170.87,172.17,173.0,169.9,76542000.0
2021-04-28T00:00:00-04:00,172.93,171.74,174.49,171.25,92638000.0
2021-04-29T00:00:00-04:00,173.57,175.26,175.72,171.75,153648000.0
2021-04-30T00:00:00-04:00,173.37,176.26,177.7,173.13,140186000.0
2021-05-03T00:00:00-04:00,169.32,174.24,174.33,168.63,117510000.0
2021-05-04T00:00:00-04:00,165.59,167.81,168.4,163.61,108788000.0
2021-05-05T00:00:00-04:00,163.53,166.94,167.74,163.22,74226000.0
2021-05-06T00:00:00-04:00,165.32,163.5,165.72,162.36,88954000.0
2021-05-07T00:00:00-04:00,164.58,165.95,166.54,164.45,94206000.0
2021-05-10T00:00:00-04:00,159.52,164.12,164.15,159.5,116772000.0
2021-05-11T00:00:00-04:00,161.2,156.81,161.9,156.37,92396000.0
2021-05-12T00:00:00-04:00,157.6,159.25,160.4,156.65,98728000.0
2021-05-13T00:00:00-04:00,158.07,159.27,160.19,156.65,67018000.0
2021-05-14T00:00:00-04:00,161.15,159.28,161.44,159.15,66500000.0
2021-05-17T00:00:00-04:00,163.52,162.3,164.64,161.73,74478000.0
2021-05-18T00:00:00-04:00,161.61,164.63,165.6,161.52,56568000.0
2021-05-19T00:00:00-04:00,161.59,159.75,161.74,159.2,53594000.0
2021-05-20T00:00:00-04:00,162.38,162.22,162.98,161.81,52664000.0
2021-05-21T00:00:00-04:00,160.15,162.5,162.83,159.85,82098000.0
2021-05-24T00:00:00-04:00,162.25,160.77,162.9,160.52,48456000.0
2021-05-25T00:00:00-04:00,162.95,163.33,163.99,160.69,65222000.0
2021-05-26T00:00:00-04:00,163.26,163.73,164.79,162.93,47680000.0
2021-05-27T00:00:00-04:00,161.51,162.8,163.02,161.5,51224000.0
2021-05-28T00:00:00-04:00,161.15,162.1,162.4,160.99,46596000.0
2021-06-01T00:00:00-04:00,160.93,162.18,162.55,160.45,48600000.0
2021-06-02T00:00:00-04:00,161.7,161.15,161.75,160.4,40290000.0
2021-06-03T00:00:00-04:00,159.35,160.21,160.72,159.2,47966000.0
2021-06-04T00:00:00-04:00,160.31,160.6,161.05,159.94,44994000.0
2021-06-07T00:00:00-04:00,159.9,159.87,160.4,158.61,44316000.0
2021-06-08T00:00:00-04:00,163.21,161.13,163.98,160.9,68334000.0
2021-06-09T00:00:00-04:00,164.06,163.64,164.88,163.54,49110000.0
2021-06-10T00:00:00-04:00,167.48,164.1,167.55,164.06,69530000.0
2021-06-11T00:00:00-04:00,167.34,167.48,168.33,166.67,56348000.0
2021-06-14T00:00:00-04:00,169.19,167.34,169.25,166.77,51394000.0
2021-06-15T00:00:00-04:00,169.16,169.2,169.85,168.16,48524000.0
2021-06-16T00:00:00-04:00,170.76,169.6,171.32,168.03,84056000.0
2021-06-17T00:00:00-04:00,174.46,170.16,174.86,170.05,102730000.0
2021-06-18T00:00:00-04:00,174.35,174.0,175.35,173.69,104954000.0
2021-06-21T00:00:00-04:00,172.7,173.82,174.1,171.7,65542000.0
2021-06-22T00:00:00-04:00,175.27,172.9,176.19,172.8,66902000.0
2021-06-23T00:00:00-04:00,175.19,175.25,176.05,174.16,56266000.0
2021-06-24T00:00:00-04:00,172.45,175.38,176.24,171.54,76640000.0
2021-06-25T00:00:00-04:00,170.07,173.2,173.24,169.71,78820000.0
2021-06-28T00:00:00-04:00,172.19,170.8,172.4,170.68,44856000.0
2021-06-29T00:00:00-04:00,172.41,171.94,172.8,171.15,41968000.0
2021-06-30T00:00:00-04:00,172.01,172.05,173.58,171.75,48080000.0
2021-07-01T00:00:00-04:00,171.65,171.73,172.85,170.47,40742000.0
2021-07-02T00:00:00-04:00,175.55,172.58,175.59,171.85,63388000.0
2021-07-06T00:00:00-04:00,183.79,176.51,184.27,176.45,134896000.0
2021-07-07T00:00:00-04:00,184.83,185.87,186.71,183.95,106562000.0
2021-07-08T00:00:00-04:00,186.57,182.18,188.0,181.06,103612000.0
2021-07-09T00:00:00-04:00,185.97,186.13,187.4,184.67,74964000.0
2021-07-12T00:00:00-04:00,185.93,187.2,187.86,184.84,51432000.0
2021-07-13T00:00:00-04:00,183.87,185.1,188.65,183.57,76918000.0
2021-07-14T00:00:00-04:00,184.08,185.44,185.88,183.04,65932000.0
2021-07-15T00:00:00-04:00,181.56,184.71,184.77,181.05,63706000.0
2021-07-16T00:00:00-04:00,178.68,181.67,182.3,178.52,80874000.0
2021-07-19T00:00:00-04:00,177.48,176.63,177.51,174.96,75692000.0
2021-07-20T00:00:00-04:00,178.66,178.37,179.6,175.9,65114000.0
2021-07-21T00:00:00-04:00,179.26,178.82,179.32,177.18,46380000.0
2021-07-22T00:00:00-04:00,181.9,179.36,182.0,179.11,65308000.0
2021-07-23T00:00:00-04:00,182.83,182.0,183.31,181.1,48726000.0
2021-07-26T00:00:00-04:00,184.99,183.66,185.6,182.36,58002000.0
2021-07-27T00:00:00-04:00,181.32,184.93,184.93,179.31,82638000.0
2021-07-28T00:00:00-04:00,181.52,181.69,182.92,180.05,59988000.0
2021-07-29T00:00:00-04:00,180.0,181.39,181.9,179.0,110400000.0
2021-07-30T00:00:00-04:00,166.38,167.4,168.41,165.35,199312000.0
2021-08-02T00:00:00-04:00,166.57,167.65,167.95,165.85,67078000.0
2021-08-03T00:00:00-04:00,168.31,167.04,169.55,164.99,83146000.0
2021-08-04T00:00:00-04:00,167.74,168.97,169.44,167.28,43678000.0
2021-08-05T00:00:00-04:00,168.8,167.81,169.45,167.05,48670000.0
2021-08-06T00:00:00-04:00,167.25,168.75,168.75,166.45,52752000.0
2021-08-09T00:00:00-04:00,167.09,167.18,167.74,166.43,42964000.0
2021-08-10T00:00:00-04:00,166.03,167.25,167.9,165.75,48252000.0
2021-08-11T00:00:00-04:00,164.61,166.57,166.88,163.89,58944000.0
2021-08-12T00:00:00-04:00,165.18,164.5,165.73,163.48,46282000.0
2021-08-13T00:00:00-04:00,164.7,165.28,165.3,164.15,41134000.0
2021-08-16T00:00:00-04:00,164.95,164.15,165.0,160.56,66394000.0
2021-08-17T00:00:00-04:00,162.1,163.88,164.02,161.28,67758000.0
2021-08-18T00:00:00-04:00,160.06,162.1,162.71,160.0,56086000.0
2021-08-19T00:00:00-04:00,159.39,159.7,161.65,159.12,75658000.0
2021-08-20T00:00:00-04:00,160.0,160.19,160.39,158.79,67168000.0
2021-08-23T00:00:00-04:00,163.29,160.6,164.04,160.5,65362000.0
2021-08-24T00:00:00-04:00,165.29,164.0,165.77,163.73,51036000.0
2021-08-25T00:00:00-04:00,164.96,165.49,166.05,164.31,33606000.0
2021-08-26T00:00:00-04:00,165.8,164.95,166.6,164.8,41976000.0
2021-08-27T00:00:00-04:00,167.48,166.66,167.62,165.69,48048000.0
2021-08-30T00:00:00-04:00,171.08,167.87,172.25,167.76,63844000.0
2021-08-31T00:00:00-04:00,173.54,171.24,173.63,169.78,87128000.0
2021-09-01T00:00:00-04:00,173.95,174.82,176.35,173.76,72598000.0
2021-09-02T00:00:00-04:00,173.16,174.74,175.6,172.75,58474000.0
2021-09-03T00:00:00-04:00,173.9,172.6,174.13,171.82,51514000.0
2021-09-07T00:00:00-04:00,175.46,173.9,176.4,173.85,54758000.0
2021-09-08T00:00:00-04:00,176.27,175.58,177.28,174.78,61068000.0
2021-09-09T00:00:00-04:00,174.21,176.3,177.5,174.02,54384000.0
2021-09-10T00:00:00-04:00,173.46,175.09,175.42,173.15,47946000.0
2021-09-13T00:00:00-04:00,172.86,174.14,174.9,171.9,51380000.0
2021-09-14T00:00:00-04:00,172.5,173.78,174.34,171.89,38738000.0
2021-09-15T00:00:00-04:00,173.79,172.13,174.27,170.1,59150000.0
2021-09-16T00:00:00-04:00,174.41,173.0,174.63,172.31,51672000.0
2021-09-17T00:00:00-04:00,173.13,174.42,174.87,172.61,92332000.0
2021-09-20T00:00:00-04:00,167.79,169.8,170.95,165.25,93382000.0
2021-09-21T00:00:00-04:00,167.18,168.75,168.99,166.62,55618000.0
2021-09-22T00:00:00-04:00,169.0,167.55,169.45,167.05,48228000.0
2021-09-23T00:00:00-04:00,170.8,169.0,171.45,169.0,47588000.0
2021-09-24T00:00:00-04:00,171.28,170.1,171.46,169.67,42324000.0
2021-09-27T00:00:00-04:00,170.29,168.57,170.78,166.98,72690000.0
2021-09-28T00:00:00-04:00,165.8,167.89,168.46,164.51,88616000.0
2021-09-29T00:00:00-04:00,165.06,166.11,167.57,164.89,51246000.0
2021-09-30T00:00:00-04:00,164.25,165.8,166.39,163.7,56848000.0
2021-10-01T00:00:00-04:00,164.16,164.45,165.46,162.8,56712000.0
2021-10-04T00:00:00-04:00,159.49,163.97,164.0,158.81,90462000.0
2021-10-05T00:00:00-04:00,161.05,160.23,163.04,160.12,65384000.0
2021-10-06T00:00:00-04:00,163.1,160.68,163.22,159.93,50660000.0
2021-10-07T00:00:00-04:00,165.12,164.58,166.29,164.15,48182000.0
2021-10-08T00:00:00-04:00,164.43,165.85,166.07,164.41,39964000.0
2021-10-11T00:00:00-04:00,162.32,163.75,164.63,161.9,40684000.0
2021-10-12T00:00:00-04:00,162.37,162.85,163.38,161.81,36392000.0
2021-10-13T00:00:00-04:00,164.21,163.49,164.42,163.05,48402000.0
2021-10-14T00:00:00-04:00,164.99,165.12,165.63,164.54,42190000.0
2021-10-15T00:00:00-04:00,170.45,165.57,170.52,165.2,103598000.0
2021-10-18T00:00:00-04:00,172.34,169.42,172.46,169.26,63482000.0
2021-10-19T00:00:00-04:00,172.21,171.71,172.73,171.1,47722000.0
2021-10-20T00:00:00-04:00,170.75,172.63,173.14,170.02,42796000.0
2021-10-21T00:00:00-04:00,171.75,170.71,172.01,170.15,37628000.0
2021-10-22T00:00:00-04:00,166.78,171.05,171.49,166.57,62782000.0
2021-10-25T00:00:00-04:00,166.02,166.75,167.39,164.88,44520000.0
2021-10-26T00:00:00-04:00,168.8,167.48,170.81,167.2,53966000.0
2021-10-27T00:00:00-04:00,169.62,169.4,171.85,168.57,54044000.0
2021-10-28T00:00:00-04:00,172.33,170.1,173.95,169.3,114174000.0
2021-10-29T00:00:00-04:00,168.62,165.0,168.74,163.67,129722000.0
2021-11-01T00:00:00-04:00,165.91,168.09,168.79,164.6,72178000.0
2021-11-02T00:00:00-04:00,165.64,165.75,166.56,164.18,52552000.0
2021-11-03T00:00:00-04:00,169.2,165.45,169.75,164.88,67944000.0
2021-11-04T00:00:00-04:00,173.85,168.5,174.93,168.25,107060000.0
2021-11-05T00:00:00-04:00,175.95,173.85,178.31,173.85,99940000.0
2021-11-08T00:00:00-05:00,174.45,176.16,178.95,174.39,61480000.0
2021-11-09T00:00:00-05:00,178.81,175.76,179.69,175.07,85898000.0
2021-11-10T00:00:00-05:00,174.1,178.19,180.27,173.15,80548000.0
2021-11-11T00:00:00-05:00,173.63,175.65,177.16,173.37,45288000.0
2021-11-12T00:00:00-05:00,176.26,174.25,177.04,172.35,53788000.0
2021-11-15T00:00:00-05:00,177.28,176.85,179.69,176.29,58594000.0
2021-11-16T00:00:00-05:00,177.04,176.95,178.82,176.26,44342000.0
2021-11-17T00:00:00-05:00,177.45,178.24,179.36,177.27,51206000.0
2021-11-18T00:00:00-05:00,184.8,178.32,185.21,178.05,114070000.0
2021-11-19T00:00:00-05:00,183.83,185.63,188.11,183.79,98734000.0
2021-11-22T00:00:00-05:00,178.63,183.82,185.67,178.38,96844000.0
2021-11-23T00:00:00-05:00,179.0,179.25,181.05,176.39,73804000.0
2021-11-24T00:00:00-05:00,179.02,178.13,180.68,176.84,46560000.0
2021-11-26T00:00:00-05:00,175.23,180.1,181.68,175.21,59826000.0
2021-11-29T00:00:00-05:00,178.08,177.38,179.8,176.57,65312000.0
2021-11-30T00:00:00-05:00,175.35,178.18,179.29,174.6,80022000.0
2021-12-01T00:00:00-05:00,172.19,177.25,177.99,172.08,74916000.0
2021-12-02T00:00:00-05:00,171.87,173.0,174.63,171.19,64726000.0
2021-12-03T00:00:00-05:00,169.49,172.75,173.49,166.93,80712000.0
2021-12-06T00:00:00-05:00,171.37,169.65,173.7,166.93,68860000.0
2021-12-07T00:00:00-05:00,176.16,174.6,177.5,173.33,66410000.0
2021-12-08T00:00:00-05:00,176.16,176.15,177.18,174.75,45254000.0
2021-12-09T00:00:00-05:00,174.17,175.75,176.97,174.14,46062000.0
2021-12-10T00:00:00-05:00,172.21,175.42,175.93,170.5,60690000.0
2021-12-13T00:00:00-05:00,169.57,172.0,172.1,169.13,62170000.0
2021-12-14T00:00:00-05:00,169.09,167.55,169.5,166.44,55976000.0
2021-12-15T00:00:00-05:00,173.32,168.6,173.6,165.2,75794000.0
2021-12-16T00:00:00-05:00,168.87,173.37,174.17,168.16,60876000.0
2021-12-17T00:00:00-05:00,170.02,167.71,170.9,165.61,85542000.0
2021-12-20T00:00:00-05:00,167.08,166.85,167.87,165.6,57372000.0
2021-12-21T00:00:00-05:00,170.42,167.85,170.72,165.65,55956000.0
2021-12-22T00:00:00-05:00,171.04,169.27,172.05,168.5,55036000.0
2021-12-23T00:00:00-05:00,171.07,170.43,171.98,170.15,36788000.0
2021-12-27T00:00:00-05:00,169.67,171.04,172.94,169.22,58688000.0
2021-12-28T00:00:00-05:00,170.66,170.18,172.18,169.14,54638000.0
2021-12-29T00:00:00-05:00,169.2,170.84,171.21,168.6,35754000.0
2021-12-30T00:00:00-05:00,168.64,169.7,170.89,168.52,37584000.0
2021-12-31T00:00:00-05:00,166.72,168.96,169.35,166.56,47830000.0
2022-01-03T00:00:00-05:00,170.4,167.55,170.7,166.16,63520000.0
2022-01-04T00:00:00-05:00,167.52,170.44,171.4,166.35,70726000.0
2022-01-05T00:00:00-05:00,164.36,166.88,167.13,164.36,64302000.0
2022-01-06T00:00:00-05:00,163.25,163.45,164.8,161.94,51958000.0
2022-01-07T00:00:00-05:00,162.55,163.84,165.24,162.03,46606000.0
2022-01-10T00:00:00-05:00,161.49,160.59,161.66,156.3,87798000.0
2022-01-11T00:00:00-05:00,165.36,161.5,166.35,160.7,62806000.0
2022-01-12T00:00:00-05:00,165.21,166.57,166.88,164.42,50030000.0
2022-01-13T00:00:00-05:00,161.21,165.25,166.22,161.09,52188000.0
2022-01-14T00:00:00-05:00,162.14,160.15,162.25,159.8,45974000.0
2022-01-18T00:00:00-05:00,158.92,159.1,159.73,157.66,67292000.0
2022-01-19T00:00:00-05:00,156.3,158.76,159.25,156.25,53242000.0
2022-01-20T00:00:00-05:00,151.67,156.77,158.0,151.35,71974000.0
2022-01-21T00:00:00-05:00,142.64,149.95,150.9,142.07,163972000.0
2022-01-24T00:00:00-05:00,144.54,139.0,144.95,135.35,155624000.0
2022-01-25T00:00:00-05:00,139.99,142.24,143.6,138.15,90824000.0
2022-01-26T00:00:00-05:00,138.87,144.75,145.18,137.32,95602000.0
2022-01-27T00:00:00-05:00,139.64,140.8,144.24,139.35,77516000.0
2022-01-28T00:00:00-05:00,143.98,140.86,144.0,137.93,74392000.0
2022-01-31T00:00:00-05:00,149.57,144.75,150.36,144.3,78308000.0
2022-02-01T00:00:00-05:00,151.19,150.0,151.71,147.63,59220000.0
2022-02-02T00:00:00-05:00,150.61,155.05,155.07,148.86,87330000.0
2022-02-03T00:00:00-05:00,138.85,141.74,144.25,138.33,225532000.0
2022-02-04T00:00:00-05:00,157.64,155.61,161.2,150.61,253456000.0
2022-02-07T00:00:00-05:00,157.94,158.52,162.69,157.25,102624000.0
2022-02-08T00:00:00-05:00,161.41,156.75,161.79,155.55,76040000.0
2022-02-09T00:00:00-05:00,161.19,162.87,163.83,160.25,68786000.0
2022-02-10T00:00:00-05:00,159.0,158.35,160.72,157.75,68268000.0
2022-02-11T00:00:00-05:00,153.29,158.13,159.0,152.73,77100000.0
2022-02-14T00:00:00-05:00,155.17,151.75,158.45,151.65,83230000.0
2022-02-15T00:00:00-05:00,156.51,157.61,158.01,154.64,56440000.0
2022-02-16T00:00:00-05:00,158.1,155.79,158.83,154.73,52704000.0
2022-02-17T00:00:00-05:00,154.65,158.15,160.35,154.5,64032000.0
2022-02-18T00:00:00-05:00,152.6,155.5,155.5,150.89,63604000.0
2022-02-22T00:00:00-05:00,150.2,150.48,152.98,148.49,66128000.0
2022-02-23T00:00:00-05:00,144.83,151.65,151.76,144.65,64244000.0
2022-02-24T00:00:00-05:00,151.36,139.84,151.75,139.5,100786000.0
2022-02-25T00:00:00-05:00,153.79,150.55,153.99,149.21,62396000.0
2022-02-28T00:00:00-05:00,153.56,152.43,154.45,150.85,57684000.0
2022-03-01T00:00:00-05:00,151.14,152.73,154.1,149.98,44874000.0
2022-03-02T00:00:00-05:00,152.05,150.85,153.0,148.75,47334000.0
2022-03-03T00:00:00-05:00,147.9,153.53,153.93,146.86,65198000.0
2022-03-04T00:00:00-05:00,145.64,147.16,147.85,143.81,60934000.0
2022-03-07T00:00:00-05:00,137.45,145.44,146.09,137.42,86934000.0
2022-03-08T00:00:00-05:00,136.01,136.68,140.7,133.57,91662000.0
2022-03-09T00:00:00-05:00,139.28,139.5,140.25,136.83,82656000.0
2022-03-10T00:00:00-05:00,146.82,145.68,148.67,143.98,135062000.0
2022-03-11T00:00:00-05:00,145.52,149.57,149.68,145.37,68900000.0
2022-03-14T00:00:00-04:00,141.85,145.98,147.45,140.88,74086000.0
2022-03-15T00:00:00-04:00,147.37,142.85,147.99,142.0,75584000.0
2022-03-16T00:00:00-04:00,153.1,148.5,153.15,147.35,84958000.0
2022-03-17T00:00:00-04:00,157.24,152.64,157.5,152.14,72934000.0
2022-03-18T00:00:00-04:00,161.25,156.81,161.59,156.01,102962000.0
2022-03-21T00:00:00-04:00,161.49,161.12,163.08,159.55,66538000.0
2022-03-22T00:00:00-04:00,164.89,161.81,166.17,161.7,64086000.0
2022-03-23T00:00:00-04:00,163.41,163.71,166.37,162.69,55812000.0
2022-03-24T00:00:00-04:00,163.65,163.75,164.12,160.05,56798000.0
2022-03-25T00:00:00-04:00,164.77,164.0,165.37,162.25,49032000.0
2022-03-28T00:00:00-04:00,168.99,164.98,169.04,164.9,59854000.0
2022-03-29T00:00:00-04:00,169.32,170.38,170.83,167.87,66154000.0
2022-03-30T00:00:00-04:00,166.3,168.51,168.95,165.5,56168000.0
2022-03-31T00:00:00-04:00,163.0,166.45,166.49,162.95,59966000.0
2022-04-01T00:00:00-04:00,163.56,164.15,165.83,162.32,57090000.0
2022-04-04T00:00:00-04:00,168.35,164.13,168.39,163.21,49882000.0
2022-04-05T00:00:00-04:00,164.05,167.74,168.11,163.27,53728000.0
2022-04-06T00:00:00-04:00,158.76,161.65,162.2,157.25,79056000.0
2022-04-07T00:00:00-04:00,157.78,158.4,160.08,154.51,68136000.0
2022-04-08T00:00:00-04:00,154.46,156.75,157.37,154.23,46002000.0
2022-04-11T00:00:00-04:00,151.12,152.71,154.14,150.53,52112000.0
2022-04-12T00:00:00-04:00,150.79,153.69,155.1,150.38,55178000.0
2022-04-13T00:00:00-04:00,155.54,150.02,156.02,149.6,53390000.0
2022-04-14T00:00:00-04:00,151.71,155.39,155.9,151.47,51598000.0
2022-04-18T00:00:00-04:00,152.79,151.52,154.04,150.25,46514000.0
2022-04-19T00:00:00-04:00,158.12,152.03,158.65,151.55,54926000.0
2022-04-20T00:00:00-04:00,154.0,157.6,157.6,153.6,59630000.0
2022-04-21T00:00:00-04:00,148.3,154.71,156.74,147.59,63970000.0
2022-04-22T00:00:00-04:00,144.35,148.25,149.62,143.7,73078000.0
2022-04-25T00:00:00-04:00,146.07,144.02,146.22,142.31,61874000.0
2022-04-26T00:00:00-04:00,139.39,144.8,144.86,138.93,77530000.0
2022-04-27T00:00:00-04:00,138.17,140.19,141.95,135.78,71336000.0
2022-04-28T00:00:00-04:00,144.6,142.18,145.94,140.3,117316000.0
2022-04-29T00:00:00-04:00,124.28,129.85,130.76,121.63,272662000.0
2022-05-02T00:00:00-04:00,124.5,122.4,124.67,118.38,148788000.0
2022-05-03T00:00:00-04:00,124.25,124.05,126.22,122.82,79134000.0
2022-05-04T00:00:00-04:00,125.93,123.6,126.0,119.18,110746000.0
2022-05-05T00:00:00-04:00,116.41,123.0,123.5,115.07,144392000.0
2022-05-06T00:00:00-04:00,114.77,114.85,119.05,113.08,124260000.0
2022-05-09T00:00:00-04:00,108.79,111.31,114.0,107.96,128124000.0
2022-05-10T00:00:00-04:00,108.86,111.25,112.64,107.17,105434000.0
2022-05-11T00:00:00-04:00,105.37,108.1,110.16,104.43,109704000.0
2022-05-12T00:00:00-04:00,106.93,102.75,110.78,102.41,132026000.0
2022-05-13T00:00:00-04:00,113.06,109.07,113.18,107.8,93684000.0
2022-05-16T00:00:00-04:00,110.81,113.1,113.99,110.35,74566000.0
2022-05-17T00:00:00-04:00,115.37,113.28,115.8,111.28,76448000.0
2022-05-18T00:00:00-04:00,107.11,111.44,112.85,106.25,108380000.0
2022-05-19T00:00:00-04:00,107.32,106.28,110.03,106.19,88142000.0
2022-05-20T00:00:00-04:00,107.59,109.57,109.9,105.01,99500000.0
2022-05-23T00:00:00-04:00,107.56,108.46,108.82,103.95,107798000.0
2022-05-24T00:00:00-04:00,104.1,104.03,105.4,101.26,102934000.0
2022-05-25T00:00:00-04:00,106.78,103.66,108.18,103.65,93120000.0
2022-05-26T00:00:00-04:00,111.08,107.97,112.67,107.45,93002000.0
2022-05-27T00:00:00-04:00,115.15,113.55,115.19,112.63,93660000.0
2022-05-31T00:00:00-04:00,120.21,116.28,121.99,115.68,144634000.0
2022-06-01T00:00:00-04:00,121.68,122.26,125.18,120.62,127528000.0
2022-06-02T00:00:00-04:00,125.51,121.68,125.61,120.04,100560000.0
2022-06-03T00:00:00-04:00,122.35,124.2,124.4,121.05,97604000.0
2022-06-06T00:00:00-04:00,124.79,125.25,128.99,123.81,135269000.0
2022-06-07T00:00:00-04:00,123.0,122.01,124.1,120.63,85156700.0
2022-06-08T00:00:00-04:00,121.18,122.61,123.75,120.75,64926600.0
2022-06-09T00:00:00-04:00,116.15,119.99,121.3,116.1,67029800.0
2022-06-10T00:00:00-04:00,109.65,113.42,114.5,109.05,87266000.0
2022-06-13T00:00:00-04:00,103.67,104.19,106.54,101.86,99277700.0
2022-06-14T00:00:00-04:00,102.31,104.19,104.88,101.43,69728800.0
2022-06-15T00:00:00-04:00,107.67,103.86,109.06,103.53,85011100.0
2022-06-16T00:00:00-04:00,103.66,104.47,104.58,102.01,82186300.0
2022-06-17T00:00:00-04:00,106.22,102.8,106.98,102.51,99772100.0
2022-06-21T00:00:00-04:00,108.68,108.2,111.63,103.56,70901200.0
2022-06-22T00:00:00-04:00,108.95,107.43,112.13,107.02,60040100.0
2022-06-23T00:00:00-04:00,112.44,110.39,113.0,107.93,64345300.0
2022-06-24T00:00:00-04:00,116.46,112.38,116.71,111.43,69867600.0
2022-06-27T00:00:00-04:00,113.22,117.09,117.98,112.7,62133200.0
2022-06-28T00:00:00-04:00,107.4,113.5,114.85,107.04,74942900.0
2022-06-29T00:00:00-04:00,108.92,107.38,110.99,106.91,66375300.0
2022-06-30T00:00:00-04:00,106.21,108.11,108.18,102.52,97679400.0
2022-07-01T00:00:00-04:00,109.56,106.29,109.75,105.85,73021200.0
2022-07-05T00:00:00-04:00,113.5,107.6,114.08,106.32,76583700.0
2022-07-06T00:00:00-04:00,114.33,113.21,115.48,112.01,66958900.0
2022-07-07T00:00:00-04:00,116.33,113.85,116.99,113.49,57872300.0
2022-07-08T00:00:00-04:00,115.54,114.6,116.58,113.69,45719700.0
2022-07-11T00:00:00-04:00,111.75,114.08,114.3,110.87,53487600.0
2022-07-12T00:00:00-04:00,109.22,112.16,113.23,108.34,54280300.0
2022-07-13T00:00:00-04:00,110.4,107.03,111.78,106.01,61353800.0
2022-07-14T00:00:00-04:00,110.63,110.24,111.18,107.58,51163100.0
2022-07-15T00:00:00-04:00,113.55,112.5,115.59,111.59,84317800.0
2022-07-18T00:00:00-04:00,113.76,115.0,117.24,113.15,59115400.0
2022-07-19T00:00:00-04:00,118.21,115.7,118.95,114.03,60990000.0
2022-07-20T00:00:00-04:00,122.77,118.62,123.48,118.32,71268300.0
2022-07-21T00:00:00-04:00,124.63,123.2,124.85,121.26,60239900.0
2022-07-22T00:00:00-04:00,122.42,125.01,125.5,121.35,51463800.0
2022-07-25T00:00:00-04:00,121.14,122.7,123.64,120.03,50221300.0
2022-07-26T00:00:00-04:00,114.81,115.79,118.15,114.53,67075100.0
2022-07-27T00:00:00-04:00,120.97,117.31,121.9,117.16,61582000.0
2022-07-28T00:00:00-04:00,122.28,121.57,122.84,118.08,82245500.0
2022-07-29T00:00:00-04:00,134.95,134.9,137.65,132.41,148892900.0
2022-08-01T00:00:00-04:00,135.39,134.96,138.83,133.51,76846900.0
2022-08-02T00:00:00-04:00,134.16,134.72,137.44,134.09,61922400.0
2022-08-03T00:00:00-04:00,139.52,136.21,140.49,136.05,71827800.0
2022-08-04T00:00:00-04:00,142.57,140.58,143.56,139.55,70585000.0
2022-08-05T00:00:00-04:00,140.8,140.1,142.86,139.6,50686900.0
2022-08-08T00:00:00-04:00,139.41,142.05,144.23,138.29,52229000.0
2022-08-09T00:00:00-04:00,137.83,138.05,138.95,136.21,40434700.0
2022-08-10T00:00:00-04:00,142.69,142.9,144.6,141.01,54773800.0
2022-08-11T00:00:00-04:00,140.64,143.86,144.49,139.76,44867300.0
2022-08-12T00:00:00-04:00,143.55,142.05,143.57,140.12,47643500.0
2022-08-15T00:00:00-04:00,143.18,142.8,143.76,141.49,39014600.0
2022-08-16T00:00:00-04:00,144.78,143.91,146.57,142.0,59102900.0
2022-08-17T00:00:00-04:00,142.1,142.69,143.38,140.78,48149800.0
2022-08-18T00:00:00-04:00,142.3,141.32,142.77,140.38,37458700.0
2022-08-19T00:00:00-04:00,138.23,140.47,141.11,137.91,47792800.0
2022-08-22T00:00:00-04:00,133.22,135.72,136.32,132.85,50461500.0
2022-08-23T00:00:00-04:00,133.62,133.41,134.99,132.95,36252100.0
2022-08-24T00:00:00-04:00,133.8,132.75,135.47,132.1,38627000.0
2022-08-25T00:00:00-04:00,137.28,135.26,137.42,134.28,37496300.0
2022-08-26T00:00:00-04:00,130.75,136.55,137.83,130.5,53322700.0
2022-08-29T00:00:00-04:00,129.79,129.9,131.95,128.77,48101600.0
2022-08-30T00:00:00-04:00,128.73,131.25,132.07,126.85,49203000.0
2022-08-31T00:00:00-04:00,126.77,129.45,130.59,126.74,53648700.0
2022-09-01T00:00:00-04:00,127.82,126.0,128.02,123.66,56636100.0
2022-09-02T00:00:00-04:00,127.51,129.5,131.38,126.39,57429800.0
2022-09-06T00:00:00-04:00,126.11,127.92,128.62,124.74,43888600.0
2022-09-07T00:00:00-04:00,129.48,126.12,129.82,125.4,47900300.0
2022-09-08T00:00:00-04:00,129.82,127.72,130.28,127.1,43988500.0
2022-09-09T00:00:00-04:00,133.27,130.91,133.69,130.76,49387600.0
2022-09-12T00:00:00-04:00,136.45,134.1,136.49,134.0,53826900.0
2022-09-13T00:00:00-04:00,126.82,131.01,131.4,126.27,72694000.0
2022-09-14T00:00:00-04:00,128.55,127.36,128.84,126.33,45316800.0
2022-09-15T00:00:00-04:00,126.28,127.38,130.37,125.5,52887200.0
2022-09-16T00:00:00-04:00,123.53,122.78,123.87,120.7,115667800.0
2022-09-19T00:00:00-04:00,124.66,122.16,124.71,121.8,47279700.0
2022-09-20T00:00:00-04:00,122.19,123.35,124.4,121.14,47698400.0
2022-09-21T00:00:00-04:00,118.54,122.49,123.76,118.45,58498900.0
2022-09-22T00:00:00-04:00,117.31,117.08,118.79,116.26,55229200.0
2022-09-23T00:00:00-04:00,113.78,116.0,116.05,112.06,65126700.0
2022-09-26T00:00:00-04:00,115.15,113.3,117.34,113.13,62723300.0
2022-09-27T00:00:00-04:00,114.41,117.2,118.32,113.05,60094700.0
2022-09-28T00:00:00-04:00,118.01,114.38,118.7,113.8,55763800.0
2022-09-29T00:00:00-04:00,114.8,115.6,116.07,113.06,58969700.0
2022-09-30T00:00:00-04:00,113.0,114.08,116.92,112.84,59479600.0
2022-10-03T00:00:00-04:00,115.88,113.58,116.91,112.45,50941900.0
2022-10-04T00:00:00-04:00,121.09,119.89,123.0,119.79,62812600.0
2022-10-05T00:00:00-04:00,120.95,118.58,121.75,117.69,48217500.0
2022-10-06T00:00:00-04:00,120.3,120.77,121.53,119.5,42253800.0
2022-10-07T00:00:00-04:00,114.56,118.0,118.17,113.88,54678000.0
2022-10-10T00:00:00-04:00,113.67,115.1,116.25,112.43,42339700.0
2022-10-11T00:00:00-04:00,112.21,112.71,115.48,110.39,56432200.0
2022-10-12T00:00:00-04:00,112.9,112.49,113.83,111.4,45728700.0
2022-10-13T00:00:00-04:00,112.53,107.88,113.44,105.35,86868100.0
2022-10-14T00:00:00-04:00,106.9,114.1,114.96,106.6,67737300.0
2022-10-17T00:00:00-04:00,113.79,110.11,114.19,110.09,62782000.0
2022-10-18T00:00:00-04:00,116.36,119.06,119.52,114.79,65607400.0
2022-10-19T00:00:00-04:00,115.07,114.71,116.59,113.22,47198100.0
2022-10-20T00:00:00-04:00,115.25,113.83,118.24,113.51,48795100.0
2022-10-21T00:00:00-04:00,119.32,114.79,119.59,114.5,55660500.0
2022-10-24T00:00:00-04:00,119.82,119.98,120.39,116.57,49531500.0
2022-10-25T00:00:00-04:00,120.6,119.65,121.32,118.95,50934600.0
2022-10-26T00:00:00-04:00,115.66,116.0,119.35,114.76,68802300.0
2022-10-27T00:00:00-04:00,110.96,113.92,114.12,109.77,129605400.0
2022-10-28T00:00:00-04:00,103.41,97.91,103.96,97.66,223133400.0
2022-10-31T00:00:00-04:00,102.44,103.56,104.87,100.74,99251400.0
2022-11-01T00:00:00-04:00,96.79,103.99,104.58,96.06,153370000.0
2022-11-02T00:00:00-04:00,92.12,97.32,97.74,92.01,135761800.0
2022-11-03T00:00:00-04:00,89.3,92.47,93.5,89.02,136683300.0
2022-11-04T00:00:00-04:00,90.98,91.49,92.44,88.04,129101300.0
2022-11-07T00:00:00-05:00,90.53,91.95,92.1,89.04,77495700.0
2022-11-08T00:00:00-05:00,89.98,90.79,91.72,88.23,88703400.0
2022-11-09T00:00:00-05:00,86.14,89.47,89.48,85.87,90796200.0
2022-11-10T00:00:00-05:00,96.63,92.94,98.69,91.65,173414900.0
2022-11-11T00:00:00-05:00,100.79,97.88,101.19,96.66,111590500.0
2022-11-14T00:00:00-05:00,98.49,98.77,100.12,97.29,99533100.0
2022-11-15T00:00:00-05:00,98.94,103.21,103.79,97.34,111336300.0
2022-11-16T00:00:00-05:00,97.12,96.85,98.49,95.54,87958800.0
2022-11-17T00:00:00-05:00,94.85,95.37,96.97,94.03,82617900.0
2022-11-18T00:00:00-05:00,94.14,95.95,95.99,92.48,72428200.0
2022-11-21T00:00:00-05:00,92.46,93.97,95.02,90.59,84330300.0
2022-11-22T00:00:00-05:00,93.2,92.62,93.35,90.87,62192000.0
2022-11-23T00:00:00-05:00,94.13,93.24,94.58,92.83,59414700.0
2022-11-25T00:00:00-05:00,93.41,93.79,94.43,93.07,35088600.0
2022-11-28T00:00:00-05:00,93.95,93.93,96.4,93.43,74943100.0
2022-11-29T00:00:00-05:00,92.42,94.04,94.41,91.44,65567300.0
2022-11-30T00:00:00-05:00,96.54,92.47,96.54,91.53,102805800.0
2022-12-01T00:00:00-05:00,95.5,96.99,97.23,94.92,68488000.0
2022-12-02T00:00:00-05:00,94.13,94.48,95.36,93.78,72496400.0
2022-12-05T00:00:00-05:00,91.01,93.05,94.06,90.82,71535500.0
2022-12-06T00:00:00-05:00,88.25,90.5,91.04,87.9,75503600.0
2022-12-07T00:00:00-05:00,88.46,88.34,89.89,87.48,68086900.0
2022-12-08T00:00:00-05:00,90.35,89.24,90.86,87.88,73305900.0
2022-12-09T00:00:00-05:00,89.09,88.9,90.3,88.63,67398500.0
2022-12-12T00:00:00-05:00,90.55,89.21,90.58,87.87,61999800.0
2022-12-13T00:00:00-05:00,92.49,95.23,96.25,90.52,100212000.0
2022-12-14T00:00:00-05:00,91.58,92.5,93.46,89.87,70298000.0
2022-12-15T00:00:00-05:00,88.45,89.89,89.97,87.47,84802900.0
2022-12-16T00:00:00-05:00,87.86,88.27,89.35,86.73,146144100.0
2022-12-19T00:00:00-05:00,84.92,87.51,87.63,84.51,83531500.0
2022-12-20T00:00:00-05:00,85.19,85.33,86.61,84.33,74348300.0
2022-12-21T00:00:00-05:00,86.77,86.18,87.23,85.21,59267200.0
2022-12-22T00:00:00-05:00,83.79,85.52,85.68,82.25,81431300.0
2022-12-23T00:00:00-05:00,85.25,83.25,85.78,82.93,57433700.0
2022-12-27T00:00:00-05:00,83.04,84.97,85.35,83.0,57284000.0
2022-12-28T00:00:00-05:00,81.82,82.8,83.48,81.69,58228600.0
2022-12-29T00:00:00-05:00,84.18,82.87,84.55,82.55,54995900.0
2022-12-30T00:00:00-05:00,84.0,83.12,84.05,82.47,62401200.0
2023-01-03T00:00:00-05:00,85.82,85.46,86.96,84.21,76706000.0
2023-01-04T00:00:00-05:00,85.14,86.55,86.98,83.36,68885100.0
2023-01-05T00:00:00-05:00,83.12,85.33,85.42,83.07,67930800.0
2023-01-06T00:00:00-05:00,86.08,83.03,86.4,81.43,83303400.0
2023-01-09T00:00:00-05:00,87.36,87.46,89.48,87.08,65266100.0
2023-01-10T00:00:00-05:00,89.87,87.57,90.19,87.29,67756600.0
2023-01-11T00:00:00-05:00,95.09,90.93,95.26,90.93,103126200.0
2023-01-12T00:00:00-05:00,95.27,96.93,97.19,93.5,85254800.0
2023-01-13T00:00:00-05:00,98.12,94.18,98.37,94.12,85549400.0
2023-01-17T00:00:00-05:00,96.05,98.68,98.89,95.73,72755000.0
2023-01-18T00:00:00-05:00,95.46,97.25,99.32,95.38,79570400.0
2023-01-19T00:00:00-05:00,93.68,94.74,95.44,92.86,69002700.0
2023-01-20T00:00:00-05:00,97.25,93.86,97.35,93.2,67481500.0
2023-01-23T00:00:00-05:00,97.52,97.56,97.78,95.86,76501100.0
2023-01-24T00:00:00-05:00,96.32,96.93,98.09,96.0,66929500.0
2023-01-25T00:00:00-05:00,97.18,92.56,97.24,91.52,94261600.0
2023-01-26T00:00:00-05:00,99.22,98.24,99.49,96.92,68523600.0
2023-01-27T00:00:00-05:00,102.24,99.53,103.49,99.53,87775600.0
2023-01-30T00:00:00-05:00,100.55,101.09,101.74,99.01,70691900.0
2023-01-31T00:00:00-05:00,103.13,101.16,103.35,101.14,66527300.0
2023-02-01T00:00:00-05:00,105.15,102.53,106.24,101.24,80450100.0
2023-02-02T00:00:00-05:00,112.91,110.25,114.0,108.88,158154200.0
2023-02-03T00:00:00-05:00,103.39,105.26,108.78,102.52,144374800.0
2023-02-06T00:00:00-05:00,102.18,102.93,103.95,100.65,81945200.0
2023-02-07T00:00:00-05:00,102.11,101.17,102.41,98.08,119501300.0
2023-02-08T00:00:00-05:00,100.05,102.04,102.67,98.78,75878300.0
2023-02-09T00:00:00-05:00,98.24,101.32,101.78,97.57,64622500.0
2023-02-10T00:00:00-05:00,97.61,97.56,98.82,96.23,52740100.0
2023-02-13T00:00:00-05:00,99.54,97.85,99.68,96.91,52841500.0
2023-02-14T00:00:00-05:00,99.7,98.41,100.92,97.52,56202900.0
2023-02-15T00:00:00-05:00,101.16,99.09,101.17,98.45,47957600.0
2023-02-16T00:00:00-05:00,98.15,99.21,100.63,98.1,56339200.0
2023-02-17T00:00:00-05:00,97.2,97.8,97.94,95.65,60029400.0
2023-02-21T00:00:00-05:00,94.58,95.34,95.61,94.27,56580400.0
2023-02-22T00:00:00-05:00,95.79,95.1,97.01,94.8,59534100.0
2023-02-23T00:00:00-05:00,95.82,96.12,96.43,93.67,48467000.0
2023-02-24T00:00:00-05:00,93.5,93.53,94.14,92.32,57053800.0
2023-02-27T00:00:00-05:00,93.76,94.28,94.78,93.14,47470300.0
2023-02-28T00:00:00-05:00,94.23,93.14,94.69,92.92,43959300.0
2023-03-01T00:00:00-05:00,92.17,93.87,94.68,91.59,52299500.0
2023-03-02T00:00:00-05:00,92.13,91.41,92.23,90.39,55509400.0
2023-03-03T00:00:00-05:00,94.9,92.74,94.94,92.66,55759600.0
2023-03-06T00:00:00-05:00,93.75,95.19,96.55,93.74,52112400.0
2023-03-07T00:00:00-05:00,93.55,94.06,95.09,92.78,49100700.0
2023-03-08T00:00:00-05:00,93.92,93.6,94.17,92.18,44899100.0
2023-03-09T00:00:00-05:00,92.25,93.68,96.21,92.18,56218700.0
2023-03-10T00:00:00-05:00,90.73,92.67,93.57,90.25,69827500.0
2023-03-13T00:00:00-04:00,92.43,89.97,94.02,88.12,72397100.0
2023-03-14T00:00:00-04:00,94.88,93.83,95.07,92.71,60912700.0
2023-03-15T00:00:00-04:00,96.2,93.22,96.67,93.07,70731800.0
2023-03-16T00:00:00-04:00,100.04,95.75,100.99,95.61,84446900.0
2023-03-17T00:00:00-04:00,98.95,99.79,100.66,97.46,87300200.0
2023-03-20T00:00:00-04:00,97.71,98.41,98.48,95.7,62388900.0
2023-03-21T00:00:00-04:00,100.61,98.14,100.85,98.0,58597300.0
2023-03-22T00:00:00-04:00,98.7,100.45,102.1,98.61,57475400.0
2023-03-23T00:00:00-04:00,98.71,100.43,101.06,97.62,57559300.0
2023-03-24T00:00:00-04:00,98.13,98.07,98.3,96.4,56095400.0
2023-03-27T00:00:00-04:00,98.04,99.07,99.34,97.08,46721300.0
2023-03-28T00:00:00-04:00,97.24,98.11,98.44,96.29,38720100.0
2023-03-29T00:00:00-04:00,100.25,98.69,100.42,98.56,49783300.0
2023-03-30T00:00:00-04:00,102.0,101.55,103.04,101.01,53633400.0
2023-03-31T00:00:00-04:00,103.29,102.16,103.49,101.95,56750300.0
2023-04-03T00:00:00-04:00,102.41,102.3,103.29,101.43,41135700.0
2023-04-04T00:00:00-04:00,103.95,102.75,104.2,102.11,48662500.0
2023-04-05T00:00:00-04:00,101.1,103.91,103.91,100.75,45175400.0
2023-04-06T00:00:00-04:00,102.06,100.75,102.38,99.8,43808000.0
2023-04-10T00:00:00-04:00,102.17,100.96,102.2,99.57,37261200.0
2023-04-11T00:00:00-04:00,99.92,100.8,101.0,99.01,60417800.0
2023-04-12T00:00:00-04:00,97.83,100.4,100.51,97.71,56735000.0
2023-04-13T00:00:00-04:00,102.4,98.95,102.57,98.71,67925100.0
2023-04-14T00:00:00-04:00,102.51,102.07,103.2,101.11,51450500.0
2023-04-17T00:00:00-04:00,102.74,103.16,103.73,101.59,39919500.0
2023-04-18T00:00:00-04:00,102.3,103.95,104.2,101.52,39790500.0
2023-04-19T00:00:00-04:00,104.3,101.58,105.12,101.39,58398900.0
2023-04-20T00:00:00-04:00,103.81,103.53,105.25,103.21,57696900.0
2023-04-21T00:00:00-04:00,106.96,106.1,108.15,105.08,86774200.0
2023-04-24T00:00:00-04:00,106.21,107.66,109.23,105.07,69575600.0
2023-04-25T00:00:00-04:00,102.57,104.91,105.45,102.45,65026800.0
2023-04-26T00:00:00-04:00,104.98,105.04,106.62,104.1,73803800.0
2023-04-27T00:00:00-04:00,109.82,108.16,110.86,106.8,149961200.0
2023-04-28T00:00:00-04:00,105.45,107.73,109.48,104.33,130565000.0
2023-05-01T00:00:00-04:00,102.05,104.95,105.23,101.82,74728100.0
2023-05-02T00:00:00-04:00,103.63,101.47,103.9,101.15,73469400.0
2023-05-03T00:00:00-04:00,103.65,103.74,105.96,103.28,65051900.0
2023-05-04T00:00:00-04:00,104.0,104.04,105.39,103.31,45345500.0
2023-05-05T00:00:00-04:00,105.66,104.27,105.76,103.55,56912900.0
2023-05-08T00:00:00-04:00,105.83,105.04,106.1,104.7,49430900.0
2023-05-09T00:00:00-04:00,106.62,105.48,106.79,105.16,44089400.0
2023-05-10T00:00:00-04:00,110.19,108.1,110.67,108.05,78627600.0
2023-05-11T00:00:00-04:00,112.18,111.03,113.28,110.49,74924800.0
2023-05-12T00:00:00-04:00,110.26,112.16,112.64,109.32,49810100.0
2023-05-15T00:00:00-04:00,111.2,111.15,112.29,109.25,53011100.0
2023-05-16T00:00:00-04:00,113.4,111.05,114.79,111.05,71472900.0
2023-05-17T00:00:00-04:00,115.5,114.89,115.83,114.22,65655200.0
2023-05-18T00:00:00-04:00,118.15,116.69,118.6,116.34,73174100.0
2023-05-19T00:00:00-04:00,116.25,118.16,118.31,115.7,54990200.0
2023-05-22T00:00:00-04:00,115.01,116.77,116.77,114.25,70741100.0
2023-05-23T00:00:00-04:00,114.99,114.27,117.14,113.78,67576300.0
2023-05-24T00:00:00-04:00,116.75,115.35,117.34,115.02,63487900.0
2023-05-25T00:00:00-04:00,115.0,116.63,116.87,114.31,66496700.0
2023-05-26T00:00:00-04:00,120.11,116.04,121.5,116.02,96779900.0
2023-05-30T00:00:00-04:00,121.66,122.37,122.92,119.86,64314800.0
2023-05-31T00:00:00-04:00,120.58,121.45,122.04,119.17,72800800.0
2023-06-01T00:00:00-04:00,122.77,120.69,123.49,119.93,54375100.0
2023-06-02T00:00:00-04:00,124.25,124.92,126.39,124.02,61215000.0
2023-06-05T00:00:00-04:00,125.3,123.36,125.8,123.03,47950100.0
2023-06-06T00:00:00-04:00,126.61,125.07,127.4,125.0,45695200.0
2023-06-07T00:00:00-04:00,121.23,127.01,127.37,120.63,95663300.0
2023-06-08T00:00:00-04:00,124.25,123.01,125.63,122.26,62159300.0
2023-06-09T00:00:00-04:00,123.43,124.08,125.8,123.19,51330000.0
2023-06-12T00:00:00-04:00,126.57,124.02,126.78,123.53,51338000.0
2023-06-13T00:00:00-04:00,126.66,128.12,128.41,125.18,50564800.0
2023-06-14T00:00:00-04:00,126.42,126.7,126.95,124.12,52422500.0
2023-06-15T00:00:00-04:00,127.11,125.21,127.69,124.32,60458500.0
2023-06-16T00:00:00-04:00,125.49,127.71,127.9,125.3,84188100.0
2023-06-20T00:00:00-04:00,125.78,124.97,127.25,124.5,56930100.0
2023-06-21T00:00:00-04:00,124.83,125.64,126.73,123.85,52137700.0
2023-06-22T00:00:00-04:00,130.15,125.31,130.33,125.14,90354600.0
2023-06-23T00:00:00-04:00,129.33,129.11,130.84,128.28,71855200.0
2023-06-26T00:00:00-04:00,127.33,129.33,131.49,127.1,59989300.0
2023-06-27T00:00:00-04:00,129.18,128.63,130.09,127.55,46801000.0
2023-06-28T00:00:00-04:00,129.04,128.94,131.48,128.44,52149500.0
2023-06-29T00:00:00-04:00,127.9,128.77,129.26,127.26,40761000.0
2023-06-30T00:00:00-04:00,130.36,129.47,131.25,128.95,54310500.0
2023-07-03T00:00:00-04:00,130.22,130.82,131.85,130.07,28264800.0
2023-07-05T00:00:00-04:00,130.38,130.24,131.4,129.64,35895400.0
2023-07-06T00:00:00-04:00,128.36,128.25,128.73,127.37,40639900.0
2023-07-07T00:00:00-04:00,129.78,128.59,130.97,128.13,41928700.0
2023-07-10T00:00:00-04:00,127.13,129.07,129.28,125.92,61889300.0
2023-07-11T00:00:00-04:00,128.78,127.75,129.77,127.35,49951500.0
2023-07-12T00:00:00-04:00,130.8,130.31,131.26,128.83,54022800.0
2023-07-13T00:00:00-04:00,134.3,134.04,134.67,132.71,61170900.0
2023-07-14T00:00:00-04:00,134.68,134.06,136.65,134.06,54388100.0
2023-07-17T00:00:00-04:00,133.56,134.56,135.62,133.21,48450200.0
2023-07-18T00:00:00-04:00,132.83,132.71,133.86,131.35,54969100.0
2023-07-19T00:00:00-04:00,135.36,133.39,135.99,132.53,54531000.0
2023-07-20T00:00:00-04:00,129.96,134.07,134.79,129.33,59820600.0
2023-07-21T00:00:00-04:00,130.0,131.34,131.37,128.42,133265000.0
2023-07-24T00:00:00-04:00,128.8,130.31,131.66,128.35,45591100.0
2023-07-25T00:00:00-04:00,129.13,129.31,129.58,128.53,39236700.0
2023-07-26T00:00:00-04:00,128.15,126.51,129.08,126.11,53910100.0
2023-07-27T00:00:00-04:00,128.25,131.0,132.63,127.79,52610700.0
2023-07-28T00:00:00-04:00,132.21,129.69,133.01,129.33,46317400.0
2023-07-31T00:00:00-04:00,133.68,133.2,133.87,132.38,41901500.0
2023-08-01T00:00:00-04:00,131.69,133.55,133.69,131.62,42098500.0
2023-08-02T00:00:00-04:00,128.21,130.15,130.23,126.82,51027600.0
2023-08-03T00:00:00-04:00,128.91,127.48,129.84,126.41,88585200.0
2023-08-04T00:00:00-04:00,139.57,141.06,143.63,139.32,152938700.0
2023-08-07T00:00:00-04:00,142.22,140.99,142.54,138.95,71213100.0
2023-08-08T00:00:00-04:00,139.94,140.62,140.84,138.42,51710500.0
2023-08-09T00:00:00-04:00,137.85,139.97,140.32,137.1,50017300.0
2023-08-10T00:00:00-04:00,138.56,139.07,140.41,137.49,58928400.0
2023-08-11T00:00:00-04:00,138.41,137.4,139.33,137.0,42832100.0
2023-08-14T00:00:00-04:00,140.57,138.3,140.59,137.75,47148700.0
2023-08-15T00:00:00-04:00,137.67,140.05,141.28,137.23,42781500.0
2023-08-16T00:00:00-04:00,135.07,137.19,137.27,135.01,41675900.0
2023-08-17T00:00:00-04:00,133.98,135.46,136.09,133.53,48354100.0
2023-08-18T00:00:00-04:00,133.22,131.62,134.07,131.15,48469400.0
2023-08-21T00:00:00-04:00,134.68,133.74,135.19,132.71,41442500.0
2023-08-22T00:00:00-04:00,134.25,135.08,135.65,133.73,32935100.0
2023-08-23T00:00:00-04:00,135.52,134.5,135.95,133.22,42801000.0
2023-08-24T00:00:00-04:00,131.84,136.4,136.78,131.83,43646300.0
2023-08-25T00:00:00-04:00,133.26,132.47,133.87,130.58,44147500.0
2023-08-28T00:00:00-04:00,133.14,133.78,133.95,131.85,34108400.0
2023-08-29T00:00:00-04:00,134.91,133.38,135.14,133.25,38646100.0
2023-08-30T00:00:00-04:00,135.07,134.93,135.68,133.92,36137000.0
2023-08-31T00:00:00-04:00,138.01,135.06,138.79,135.0,58781300.0
2023-09-01T00:00:00-04:00,138.12,139.46,139.96,136.88,40948300.0
2023-09-05T00:00:00-04:00,137.27,137.73,137.8,135.82,40636700.0
2023-09-06T00:00:00-04:00,135.36,136.32,137.45,134.61,41785500.0
2023-09-07T00:00:00-04:00,137.85,133.9,138.03,133.16,48498912.0
2023-09-08T00:00:00-04:00,138.23,136.86,138.8519,136.75,38365929.0
2023-09-11T00:00:00-04:00,143.1,138.75,143.62,138.64,56755075.0
2023-09-12T00:00:00-04:00,141.23,142.32,143.0,140.61,42668452.0
2023-09-13T00:00:00-04:00,144.85,140.95,144.98,140.865,60463535.0
2023-09-14T00:00:00-04:00,144.72,145.08,145.86,142.95,64033607.0
2023-09-15T00:00:00-04:00,140.39,142.69,143.57,140.09,102709327.0
2023-09-18T00:00:00-04:00,139.98,140.48,141.75,139.22,42823480.0
2023-09-19T00:00:00-04:00,137.63,138.7,138.84,135.56,61306070.0
2023-09-20T00:00:00-04:00,135.29,138.55,139.37,135.2,46263716.0
2023-09-21T00:00:00-04:00,129.33,131.94,132.24,129.31,70343342.0
2023-09-22T00:00:00-04:00,129.12,131.11,132.03,128.52,59604348.0
2023-09-25T00:00:00-04:00,131.27,129.36,131.78,128.77,46017825.0
2023-09-26T00:00:00-04:00,125.98,130.12,130.39,125.28,73007107.0
2023-09-27T00:00:00-04:00,125.98,125.76,127.48,124.13,66445149.0
2023-09-28T00:00:00-04:00,125.98,124.04,126.5801,123.04,54554968.0
2023-09-29T00:00:00-04:00,127.12,128.2,129.15,126.32,62411730.0
2023-10-02T00:00:00-04:00,129.46,127.28,130.47,126.54,48029744.0
2023-10-03T00:00:00-04:00,124.72,128.06,128.52,124.2544,51559991.0
2023-10-04T00:00:00-04:00,127.0,126.06,127.36,125.68,44203870.0
2023-10-05T00:00:00-04:00,125.96,126.71,126.73,124.33,39657043.0
2023-10-06T00:00:00-04:00,127.96,124.16,128.45,124.13,46814698.0
2023-10-09T00:00:00-04:00,128.26,126.22,128.79,124.76,38746138.0
2023-10-10T00:00:00-04:00,129.48,128.82,130.74,128.05,42106579.0
2023-10-11T00:00:00-04:00,131.83,129.74,132.05,129.61,40513342.0
2023-10-12T00:00:00-04:00,132.33,132.17,134.48,131.23,55528581.0
2023-10-13T00:00:00-04:00,129.79,132.98,133.3145,128.95,45824685.0
2023-10-16T00:00:00-04:00,132.55,130.69,133.07,130.425,42832918.0
2023-10-17T00:00:00-04:00,131.47,130.39,132.58,128.71,49344550.0
2023-10-18T00:00:00-04:00,128.13,129.9,130.6699,127.51,42623479.0
2023-10-19T00:00:00-04:00,128.4,130.565,132.24,127.47,60951105.0
2023-10-20T00:00:00-04:00,125.17,128.05,128.17,124.97,56317010.0
2023-10-23T00:00:00-04:00,126.56,124.63,127.88,123.98,48216183.0
2023-10-24T00:00:00-04:00,128.56,127.74,128.8,126.34,46180180.0
2023-10-25T00:00:00-04:00,121.39,126.04,126.34,120.79,74516044.0
2023-10-26T00:00:00-04:00,119.57,120.63,121.6393,118.35,100240816.0
2023-10-27T00:00:00-04:00,127.74,126.2,130.02,125.52,125284313.0
2023-10-30T00:00:00-04:00,132.71,129.72,133.47,127.63,72487505.0
2023-10-31T00:00:00-04:00,133.09,132.75,133.57,131.71,51589380.0
2023-11-01T00:00:00-04:00,137.0,133.96,137.35,133.71,61529409.0
2023-11-02T00:00:00-04:00,138.07,138.73,138.81,136.47,52236693.0
2023-11-03T00:00:00-04:00,138.6,138.99,139.49,137.45,44059805.0
2023-11-06T00:00:00-05:00,139.74,138.76,140.73,138.36,44772917.0
2023-11-07T00:00:00-05:00,142.71,140.55,143.37,140.5,53540937.0
2023-11-08T00:00:00-05:00,142.08,142.97,143.12,141.2183,44521658.0
2023-11-09T00:00:00-05:00,140.6,142.02,142.65,139.84,36235367.0
2023-11-10T00:00:00-05:00,143.56,140.46,143.65,139.91,49349937.0
2023-11-13T00:00:00-05:00,142.59,142.08,143.23,140.67,35680570.0
2023-11-14T00:00:00-05:00,145.8,145.0,147.26,144.68,56674551.0
2023-11-15T00:00:00-05:00,143.2,147.06,147.29,142.59,63874520.0
2023-11-16T00:00:00-05:00,142.83,140.91,143.32,139.52,49653512.0
2023-11-17T00:00:00-05:00,145.18,142.66,145.23,142.545,49361537.0
2023-11-20T00:00:00-05:00,146.13,145.13,146.63,144.725,41978766.0
2023-11-21T00:00:00-05:00,143.9,143.91,144.05,141.5,71225992.0
2023-11-22T00:00:00-05:00,146.71,144.57,147.74,144.57,45700002.0
2023-11-24T00:00:00-05:00,146.74,146.7,147.2,145.32,22378379.0
2023-11-27T00:00:00-05:00,147.73,147.53,149.26,146.88,53762428.0
2023-11-28T00:00:00-05:00,147.03,146.98,147.5999,145.53,42711682.0
2023-11-29T00:00:00-05:00,146.32,147.85,148.54,145.97,40610907.0
2023-11-30T00:00:00-05:00,146.09,144.76,146.93,144.332,65814022.0
2023-12-01T00:00:00-05:00,147.03,146.0,147.245,145.55,39949248.0
2023-12-04T00:00:00-05:00,144.84,145.25,145.35,142.81,48294244.0
2023-12-05T00:00:00-05:00,146.88,143.55,148.57,143.13,46822411.0
2023-12-06T00:00:00-05:00,144.52,147.58,147.85,144.28,39678960.0
2023-12-07T00:00:00-05:00,146.88,146.15,147.92,145.34,52352830.0
2023-12-08T00:00:00-05:00,147.42,145.48,147.84,145.4,41905965.0
2023-12-11T00:00:00-05:00,145.89,145.66,146.19,143.64,50907288.0
2023-12-12T00:00:00-05:00,147.48,145.52,147.5,145.3,44944264.0
2023-12-13T00:00:00-05:00,148.84,148.12,149.46,146.82,52766196.0
2023-12-14T00:00:00-05:00,147.42,149.93,150.54,145.52,58400848.0
2023-12-15T00:00:00-05:00,149.97,148.38,150.57,147.88,110089342.0
2023-12-18T00:00:00-05:00,154.07,150.56,154.85,150.05,62512828.0
2023-12-19T00:00:00-05:00,153.79,154.4,155.12,152.69,43171292.0
2023-12-20T00:00:00-05:00,152.12,152.9,155.63,151.56,50322106.0
2023-12-21T00:00:00-05:00,153.84,153.3,153.97,152.1,36305733.0
2023-12-22T00:00:00-05:00,153.42,153.77,154.35,152.71,29514093.0
2023-12-26T00:00:00-05:00,153.41,153.56,153.98,153.03,25067222.0
2023-12-27T00:00:00-05:00,153.34,153.56,154.78,153.12,31434733.0
2023-12-28T00:00:00-05:00,153.38,153.72,154.08,152.95,27057002.0
2023-12-29T00:00:00-05:00,151.94,153.1,153.89,151.03,39823204.0
2024-01-02T00:00:00-05:00,149.93,151.54,152.38,148.39,47339424.0
2024-01-03T00:00:00-05:00,148.47,149.2,151.05,148.33,49425495.0
2024-01-04T00:00:00-05:00,144.57,145.59,147.38,144.05,56039807.0
2024-01-05T00:00:00-05:00,145.24,144.69,146.59,144.53,45153147.0
2024-01-08T00:00:00-05:00,149.1,146.74,149.4,146.15,46757053.0
2024-01-09T00:00:00-05:00,151.37,148.33,151.71,148.21,43812567.0
2024-01-10T00:00:00-05:00,153.73,152.06,154.42,151.88,44421830.0
2024-01-11T00:00:00-05:00,155.18,155.04,157.17,153.12,49072691.0
2024-01-12T00:00:00-05:00,154.62,155.39,156.2,154.01,40484155.0
2024-01-16T00:00:00-05:00,153.16,153.53,154.99,152.15,41384636.0
2024-01-17T00:00:00-05:00,151.71,151.49,152.15,149.91,34953363.0
2024-01-18T00:00:00-05:00,153.5,152.77,153.78,151.82,37850245.0
2024-01-19T00:00:00-05:00,155.34,153.83,155.76,152.74,51651628.0
2024-01-22T00:00:00-05:00,154.78,156.89,157.05,153.9,43687468.0
2024-01-23T00:00:00-05:00,156.02,154.85,156.21,153.93,37986039.0
2024-01-24T00:00:00-05:00,156.87,157.8,158.51,156.48,48547315.0
2024-01-25T00:00:00-05:00,157.75,156.95,158.51,154.55,43638592.0
2024-01-26T00:00:00-05:00,159.12,158.42,160.72,157.91,51047353.0
2024-01-29T00:00:00-05:00,161.26,159.34,161.29,158.9,45270385.0
2024-01-30T00:00:00-05:00,159.0,160.7,161.73,158.49,45207430.0
2024-01-31T00:00:00-05:00,155.2,157.0,159.01,154.81,50284371.0
2024-02-01T00:00:00-05:00,159.28,155.87,159.76,155.62,76542419.0
2024-02-02T00:00:00-05:00,171.81,169.19,172.5,167.33,117218313.0
2024-02-05T00:00:00-05:00,170.31,170.2,170.55,167.7,55081297.0
2024-02-06T00:00:00-05:00,169.15,169.39,170.71,167.65,42505518.0
2024-02-07T00:00:00-05:00,170.53,169.48,170.88,168.94,47174060.0
2024-02-08T00:00:00-05:00,169.84,169.65,171.43,168.88,42316454.0
2024-02-09T00:00:00-05:00,174.45,170.9,175.0,170.58,56985986.0
2024-02-12T00:00:00-05:00,172.34,174.8,175.39,171.54,51050440.0
2024-02-13T00:00:00-05:00,168.64,167.73,170.95,165.75,56345122.0
2024-02-14T00:00:00-05:00,170.98,169.21,171.21,168.28,42815544.0
2024-02-15T00:00:00-05:00,169.8,170.58,171.17,167.59,49855196.0
2024-02-16T00:00:00-05:00,169.51,168.74,170.42,167.17,48107744.0
2024-02-20T00:00:00-05:00,167.08,167.83,168.71,165.74,41980326.0
2024-02-21T00:00:00-05:00,168.59,168.94,170.23,167.14,44575623.0
2024-02-22T00:00:00-05:00,174.58,173.1,174.8,171.77,55392354.0
2024-02-23T00:00:00-05:00,174.99,174.28,175.75,173.7,59715243.0
2024-02-26T00:00:00-05:00,174.73,175.7,176.37,174.26,44368614.0
2024-02-27T00:00:00-05:00,173.54,174.08,174.62,172.86,31141732.0
2024-02-28T00:00:00-05:00,173.16,172.44,174.05,172.27,28180482.0
2024-02-29T00:00:00-05:00,176.76,173.01,177.22,172.85,53805359.0
2024-03-01T00:00:00-05:00,178.22,176.75,178.73,176.07,31981152.0
2024-03-04T00:00:00-05:00,177.58,177.53,180.14,177.49,37381520.0
2024-03-05T00:00:00-05:00,174.12,176.93,176.93,173.3,37228343.0
2024-03-06T00:00:00-05:00,173.51,175.54,176.46,173.26,32090926.0
2024-03-07T00:00:00-05:00,176.82,174.83,177.99,173.72,34063283.0
2024-03-08T00:00:00-05:00,175.35,176.44,178.79,174.33,37893242.0
2024-03-11T00:00:00-04:00,171.96,174.31,174.47,171.47,28484777.0
2024-03-12T00:00:00-04:00,175.39,173.5,176.76,171.98,36610604.0
2024-03-13T00:00:00-04:00,176.56,175.9,177.62,175.55,30772600.0
2024-03-14T00:00:00-04:00,178.75,177.69,179.53,176.47,43705840.0
2024-03-15T00:00:00-04:00,174.42,176.64,177.93,173.9,72147390.0
2024-03-18T00:00:00-04:00,174.48,175.8,176.69,174.28,31250688.0
2024-03-19T00:00:00-04:00,175.9,174.22,176.09,173.52,26880893.0
2024-03-20T00:00:00-04:00,178.15,176.14,178.53,174.64,29947150.0
2024-03-21T00:00:00-04:00,178.15,179.99,181.42,178.15,32824320.0
2024-03-22T00:00:00-04:00,178.87,177.75,179.26,176.75,27995378.0
2024-03-25T00:00:00-04:00,179.71,178.01,180.99,177.24,29815464.0
2024-03-26T00:00:00-04:00,178.3,180.15,180.45,177.95,29658982.0
2024-03-27T00:00:00-04:00,179.83,179.88,180.0,177.31,33272551.0
2024-03-28T00:00:00-04:00,180.38,180.17,181.7,179.26,38051588.0
2024-04-01T00:00:00-04:00,180.97,180.79,183.0,179.95,29174521.0
2024-04-02T00:00:00-04:00,180.69,179.07,180.79,178.38,32611546.0
2024-04-03T00:00:00-04:00,182.41,179.9,182.87,179.8,31046638.0
2024-04-04T00:00:00-04:00,180.0,184.0,185.1,180.0,41624261.0
2024-04-05T00:00:00-04:00,185.07,182.38,186.27,181.97,42373992.0
2024-04-08T00:00:00-04:00,185.19,186.9,187.29,184.81,39221282.0
2024-04-09T00:00:00-04:00,185.67,187.24,187.34,184.2,36546946.0
2024-04-10T00:00:00-04:00,185.95,182.77,186.27,182.67,35879151.0
2024-04-11T00:00:00-04:00,189.05,186.74,189.77,185.51,40020742.0
2024-04-12T00:00:00-04:00,186.13,187.72,188.38,185.08,38608849.0
2024-04-15T00:00:00-04:00,183.62,187.43,188.69,183.0,48052395.0
2024-04-16T00:00:00-04:00,183.32,183.27,184.83,182.26,32891265.0
2024-04-17T00:00:00-04:00,181.28,184.31,184.57,179.82,31359673.0
2024-04-18T00:00:00-04:00,179.22,181.47,182.39,178.65,30723793.0
2024-04-19T00:00:00-04:00,174.63,178.74,179.0,173.44,56000729.0
2024-04-22T00:00:00-04:00,177.23,176.94,178.87,174.56,37924890.0
2024-04-23T00:00:00-04:00,179.54,178.08,179.93,175.98,37046519.0
2024-04-24T00:00:00-04:00,176.59,179.94,180.32,176.18,34185109.0
2024-04-25T00:00:00-04:00,173.67,169.68,173.92,166.32,49249390.0
2024-04-26T00:00:00-04:00,179.62,177.8,180.82,176.13,43919765.0
2024-04-29T00:00:00-04:00,180.96,182.75,183.53,179.39,54063937.0
2024-04-30T00:00:00-04:00,175.0,181.09,182.99,174.8,94639786.0
2024-05-01T00:00:00-04:00,179.0,181.64,185.15,176.56,94645148.0
2024-05-02T00:00:00-04:00,184.72,180.85,185.1,179.91,54303510.0
2024-05-03T00:00:00-04:00,186.21,186.99,187.87,185.42,39172004.0
2024-05-06T00:00:00-04:00,188.7,186.28,188.75,184.8,34725295.0
2024-05-07T00:00:00-04:00,188.76,188.92,189.94,187.31,34048902.0
2024-05-08T00:00:00-04:00,188.0,187.44,188.43,186.39,26136350.0
2024-05-09T00:00:00-04:00,189.5,188.88,191.7,187.44,43368377.0
2024-05-10T00:00:00-04:00,187.48,189.16,189.89,186.93,34141771.0
2024-05-13T00:00:00-04:00,186.57,188.0,188.31,185.36,24898613.0
2024-05-14T00:00:00-04:00,187.07,183.82,187.72,183.45,38698155.0
2024-05-15T00:00:00-04:00,185.99,185.97,186.72,182.73,75459927.0
2024-05-16T00:00:00-04:00,183.63,185.6,187.31,183.46,38834450.0
2024-05-17T00:00:00-04:00,184.7,183.76,185.3,183.35,33175655.0
2024-05-20T00:00:00-04:00,183.54,184.34,186.67,183.28,30511768.0
2024-05-21T00:00:00-04:00,183.15,182.3,183.26,180.75,50839129.0
2024-05-22T00:00:00-04:00,183.13,183.88,185.22,181.97,28148784.0
2024-05-23T00:00:00-04:00,181.05,183.66,184.76,180.08,33670173.0
2024-05-24T00:00:00-04:00,180.75,181.65,182.44,180.3,27471640.0
2024-05-28T00:00:00-04:00,182.15,179.93,182.24,179.49,29926963.0
2024-05-29T00:00:00-04:00,182.02,181.7,184.08,181.55,32009294.0
2024-05-30T00:00:00-04:00,179.32,181.31,181.34,178.36,29249229.0
2024-05-31T00:00:00-04:00,176.44,178.3,179.21,173.87,58903939.0
2024-06-03T00:00:00-04:00,178.34,177.7,178.7,175.92,30786640.0
2024-06-04T00:00:00-04:00,179.34,177.64,179.82,176.44,27198388.0
2024-06-05T00:00:00-04:00,181.28,180.1,181.5,178.75,32116394.0
2024-06-06T00:00:00-04:00,185.0,181.75,185.0,181.49,31371151.0
2024-06-07T00:00:00-04:00,184.3,184.9,186.29,183.36,28021473.0
2024-06-10T00:00:00-04:00,187.06,184.07,187.23,183.79,34494498.0
2024-06-11T00:00:00-04:00,187.23,187.06,187.77,184.54,27265108.0
2024-06-12T00:00:00-04:00,186.89,188.02,188.35,185.43,33984216.0
2024-06-13T00:00:00-04:00,183.83,186.09,187.67,182.67,39721545.0
2024-06-14T00:00:00-04:00,183.66,183.08,183.72,182.23,25456410.0
2024-06-17T00:00:00-04:00,184.06,182.52,185.0,181.22,35601907.0
2024-06-18T00:00:00-04:00,182.81,183.74,184.29,181.43,36659157.0
2024-06-20T00:00:00-04:00,186.1,182.91,186.51,182.72,44726779.0
2024-06-21T00:00:00-04:00,189.08,187.8,189.28,185.86,72931754.0
2024-06-24T00:00:00-04:00,185.57,189.33,191.0,185.33,50610379.0
2024-06-25T00:00:00-04:00,186.34,186.81,188.84,185.42,45898475.0
2024-06-26T00:00:00-04:00,193.61,186.92,194.8,186.26,65103893.0
2024-06-27T00:00:00-04:00,197.85,195.01,199.84,194.2,74397491.0
2024-06-28T00:00:00-04:00,193.25,197.73,198.85,192.5,76930192.0
2024-07-01T00:00:00-04:00,197.2,193.49,198.3,192.82,41192011.0
2024-07-02T00:00:00-04:00,200.0,197.28,200.43,195.93,45600013.0
2024-07-03T00:00:00-04:00,197.59,199.94,200.03,196.76,31597926.0
2024-07-05T00:00:00-04:00,200.0,198.65,200.55,198.17,39858885.0
2024-07-08T00:00:00-04:00,199.29,200.04,201.2,197.96,34767261.0
2024-07-09T00:00:00-04:00,199.34,199.4,200.57,199.05,32756736.0
2024-07-10T00:00:00-04:00,199.79,200.0,200.11,197.69,32883753.0
2024-07-11T00:00:00-04:00,195.05,200.09,200.27,192.86,44565041.0
2024-07-12T00:00:00-04:00,194.49,194.8,196.47,193.83,30598525.0
2024-07-15T00:00:00-04:00,192.72,194.56,196.19,190.83,40683227.0
2024-07-16T00:00:00-04:00,193.02,195.59,196.62,192.24,33994714.0
2024-07-17T00:00:00-04:00,187.93,191.35,191.58,185.99,48076139.0
2024-07-18T00:00:00-04:00,183.75,189.59,189.68,181.45,51043626.0
2024-07-19T00:00:00-04:00,183.13,181.14,184.93,180.11,43081829.0
2024-07-22T00:00:00-04:00,182.55,185.0,185.06,182.48,39931923.0
2024-07-23T00:00:00-04:00,186.41,184.1,189.39,183.56,47537700.0
2024-07-24T00:00:00-04:00,180.83,183.2,185.45,180.41,41532400.0
2024-07-25T00:00:00-04:00,179.85,182.91,183.9,176.8,44464200.0
2024-07-26T00:00:00-04:00,182.5,180.39,183.19,180.24,29506000.0
2024-07-29T00:00:00-04:00,183.2,183.84,184.75,182.38,33270123.0
2024-07-30T00:00:00-04:00,181.71,184.72,185.86,179.38,39508600.0
2024-07-31T00:00:00-04:00,186.98,185.05,187.94,184.46,41667326.0
2024-08-01T00:00:00-04:00,184.07,189.29,190.6,181.87,70435635.0
2024-08-02T00:00:00-04:00,167.9,166.75,168.77,160.55,141448400.0
2024-08-05T00:00:00-04:00,161.02,154.21,162.96,151.61,83149437.0
2024-08-06T00:00:00-04:00,161.93,161.71,165.08,158.54,59950830.0
2024-08-07T00:00:00-04:00,162.77,166.55,167.58,161.43,48408240.0
2024-08-08T00:00:00-04:00,165.8,165.17,166.69,162.55,44616206.0
2024-08-09T00:00:00-04:00,166.94,166.4,168.55,165.85,36401049.0
2024-08-12T00:00:00-04:00,166.8,168.14,168.55,166.11,30072800.0
2024-08-13T00:00:00-04:00,170.23,167.81,171.04,167.1,39237915.0
2024-08-14T00:00:00-04:00,170.1,172.11,172.28,168.86,28843804.0
2024-08-15T00:00:00-04:00,177.59,174.86,177.91,173.99,51698513.0
2024-08-16T00:00:00-04:00,177.06,177.04,178.34,176.26,31489200.0
2024-08-19T00:00:00-04:00,178.22,177.64,178.3,176.16,31129807.0
2024-08-20T00:00:00-04:00,178.88,177.92,179.01,177.43,26255204.0
2024-08-21T00:00:00-04:00,180.11,179.92,182.39,178.89,35599120.0
2024-08-22T00:00:00-04:00,176.13,181.38,181.47,175.68,32047500.0
2024-08-23T00:00:00-04:00,177.04,177.34,178.97,175.24,29150100.0
2024-08-26T00:00:00-04:00,175.5,176.7,177.47,174.3,22366236.0
2024-08-27T00:00:00-04:00,173.12,174.15,174.89,172.25,29842000.0
2024-08-28T00:00:00-04:00,170.8,173.69,173.69,168.92,29045025.0
2024-08-29T00:00:00-04:00,172.12,173.22,174.29,170.81,26407815.0
2024-08-30T00:00:00-04:00,178.5,172.78,178.9,172.6,43429400.0
2024-09-03T00:00:00-04:00,176.25,177.55,178.26,175.26,37817511.0
2024-09-04T00:00:00-04:00,173.33,174.48,175.98,172.54,30309225.0
2024-09-05T00:00:00-04:00,177.89,175.0,179.88,175.0,40170526.0
2024-09-06T00:00:00-04:00,171.39,177.24,178.38,171.16,41466537.0
2024-09-09T00:00:00-04:00,175.4,174.53,175.85,173.51,29037400.0
2024-09-10T00:00:00-04:00,179.55,177.49,180.5,176.79,36233800.0
2024-09-11T00:00:00-04:00,184.52,180.1,184.99,175.73,42564700.0
2024-09-12T00:00:00-04:00,187.0,184.8,187.41,183.54,33622500.0
2024-09-13T00:00:00-04:00,186.49,187.0,188.5,185.91,26495400.0
2024-09-16T00:00:00-04:00,184.89,185.29,185.81,183.36,26065500.0
2024-09-17T00:00:00-04:00,186.88,186.85,189.45,186.14,26091700.0
2024-09-18T00:00:00-04:00,186.43,186.45,188.8,185.06,34448130.0
2024-09-19T00:00:00-04:00,189.87,190.04,190.99,188.47,39543200.0
2024-09-20T00:00:00-04:00,191.6,190.23,191.84,187.41,100378600.0
2024-09-23T00:00:00-04:00,193.88,191.64,194.45,190.57,36993111.0
2024-09-24T00:00:00-04:00,193.96,194.27,195.37,190.13,43478926.0
2024-09-25T00:00:00-04:00,192.53,193.75,193.95,192.16,26391144.0
2024-09-26T00:00:00-04:00,191.16,194.31,194.53,189.54,36334900.0
2024-09-27T00:00:00-04:00,187.97,190.68,190.9,187.34,36002316.0
2024-09-30T00:00:00-04:00,186.33,187.14,188.49,184.65,41680400.0
2024-10-01T00:00:00-04:00,185.13,184.9,186.19,183.45,36044906.0
2024-10-02T00:00:00-04:00,184.76,184.44,186.6,184.04,23704100.0
2024-10-03T00:00:00-04:00,181.96,183.05,183.44,180.88,30204302.0
2024-10-04T00:00:00-04:00,186.51,185.75,187.6,183.6,41079011.0
2024-10-07T00:00:00-04:00,180.8,182.95,183.6,180.25,42364201.0
2024-10-08T00:00:00-04:00,182.72,181.92,183.09,180.92,26372100.0
2024-10-09T00:00:00-04:00,185.17,182.82,185.85,182.05,26343117.0
2024-10-10T00:00:00-04:00,186.65,187.13,188.13,185.83,27785043.0
2024-10-11T00:00:00-04:00,188.82,186.63,189.93,186.3,25751600.0
2024-10-14T00:00:00-04:00,187.54,189.78,189.83,187.36,22614407.0
2024-10-15T00:00:00-04:00,187.69,187.63,188.41,184.58,32178925.0
2024-10-16T00:00:00-04:00,186.89,187.05,187.78,185.61,23456812.0
2024-10-17T00:00:00-04:00,187.53,188.22,188.94,186.0,25039414.0
2024-10-18T00:00:00-04:00,188.99,187.15,190.74,186.28,37417700.0
2024-10-21T00:00:00-04:00,189.07,188.05,189.46,186.4,24639400.0
2024-10-22T00:00:00-04:00,189.7,188.35,191.52,186.98,29650600.0
2024-10-23T00:00:00-04:00,184.71,188.85,189.16,183.69,31937100.0
2024-10-24T00:00:00-04:00,186.38,185.25,187.11,183.86,21647400.0
2024-10-25T00:00:00-04:00,187.83,187.85,190.45,187.53,29362100.0
2024-10-28T00:00:00-04:00,188.39,189.57,190.21,188.21,27930836.0
2024-10-29T00:00:00-04:00,190.83,188.58,191.46,187.82,35690200.0
2024-10-30T00:00:00-04:00,192.73,194.7,195.61,192.42,37707600.0
2024-10-31T00:00:00-04:00,186.4,190.51,190.6,185.23,75146800.0
2024-11-01T00:00:00-04:00,197.93,199.0,200.5,197.02,99687847.0
2024-11-04T00:00:00-05:00,195.78,196.45,197.33,194.31,38492100.0
2024-11-05T00:00:00-05:00,199.5,196.04,199.82,195.99,30564800.0
2024-11-06T00:00:00-05:00,207.09,200.01,207.55,199.14,72292200.0
2024-11-07T00:00:00-05:00,210.05,207.44,212.25,207.19,52878400.0
2024-11-08T00:00:00-05:00,208.18,209.72,209.96,207.44,36075846.0
2024-11-11T00:00:00-05:00,206.84,208.5,209.65,205.59,35456012.0
2024-11-12T00:00:00-05:00,208.91,208.37,209.54,206.01,38942918.0
2024-11-13T00:00:00-05:00,214.1,209.4,215.09,209.14,46212943.0
2024-11-14T00:00:00-05:00,211.48,214.16,215.9,210.88,42620309.0
2024-11-15T00:00:00-05:00,202.61,206.76,207.34,199.61,86591144.0
2024-11-18T00:00:00-05:00,201.7,204.15,204.67,200.95,36512500.0
2024-11-19T00:00:00-05:00,204.61,199.33,205.3,198.78,31197900.0
2024-11-20T00:00:00-05:00,202.88,202.98,203.13,199.45,32769000.0
2024-11-21T00:00:00-05:00,198.38,203.49,203.49,195.75,58800042.0
2024-11-22T00:00:00-05:00,197.12,198.25,199.26,196.75,31530844.0
2024-11-25T00:00:00-05:00,201.45,199.28,201.95,199.0,40685700.0
2024-11-26T00:00:00-05:00,207.86,201.9,208.0,201.79,41673737.0
2024-11-27T00:00:00-05:00,205.74,206.98,207.64,205.05,28061638.0
2024-11-29T00:00:00-05:00,207.89,205.83,208.2,204.59,24892447.0
2024-12-02T00:00:00-05:00,210.71,209.96,212.99,209.51,39523200.0
2024-12-03T00:00:00-05:00,213.44,210.31,214.02,209.65,32214828.0
2024-12-04T00:00:00-05:00,218.16,215.96,220.0,215.75,48745716.0
2024-12-05T00:00:00-05:00,220.55,218.03,222.15,217.3,41140220.0
2024-12-06T00:00:00-05:00,227.03,220.75,227.15,220.6,44178100.0
2024-12-09T00:00:00-05:00,226.09,227.21,230.08,225.67,46819400.0
2024-12-10T00:00:00-05:00,225.04,226.09,229.06,224.2,31199900.0
2024-12-11T00:00:00-05:00,230.26,226.41,231.2,226.26,35385800.0
2024-12-12T00:00:00-05:00,228.97,229.83,231.09,227.63,28204100.0
2024-12-13T00:00:00-05:00,227.46,228.4,230.2,225.86,28768100.0
2024-12-16T00:00:00-05:00,232.93,230.23,233.0,228.01,37552100.0
2024-12-17T00:00:00-05:00,231.15,232.39,232.73,227.85,35948131.0
2024-12-18T00:00:00-05:00,220.52,230.77,231.4,220.11,43281443.0
2024-12-19T00:00:00-05:00,223.29,224.91,226.09,222.92,39918739.0
2024-12-20T00:00:00-05:00,224.92,219.84,226.21,218.73,88279200.0
2024-12-23T00:00:00-05:00,225.06,225.01,226.88,223.9,28070007.0
2024-12-24T00:00:00-05:00,229.05,226.94,229.14,226.13,15007500.0
2024-12-26T00:00:00-05:00,227.05,228.5,228.5,226.67,16174500.0
2024-12-27T00:00:00-05:00,223.75,225.6,226.03,220.9,27367147.0
2024-12-30T00:00:00-05:00,221.3,220.06,223.0,218.43,28321240.0
2024-12-31T00:00:00-05:00,219.39,222.97,223.23,218.94,24819700.0
2025-01-02T00:00:00-05:00,220.22,222.03,225.15,218.19,33956600.0
2025-01-03T00:00:00-05:00,224.19,222.51,225.36,221.62,27515606.0
2025-01-06T00:00:00-05:00,227.61,226.78,228.84,224.84,31849831.0
2025-01-07T00:00:00-05:00,222.11,227.9,228.38,221.46,28084200.0
2025-01-08T00:00:00-05:00,222.13,223.19,223.52,220.2,25033300.0
2025-01-10T00:00:00-05:00,218.94,221.46,221.71,216.5,36811525.0
2025-01-13T00:00:00-05:00,218.46,218.06,219.4,216.47,27262700.0
2025-01-14T00:00:00-05:00,217.76,220.44,221.82,216.2,24711700.0
2025-01-15T00:00:00-05:00,223.35,222.83,223.57,220.75,31291300.0
2025-01-16T00:00:00-05:00,220.66,224.42,224.65,220.31,24757300.0
2025-01-17T00:00:00-05:00,225.94,225.84,226.51,223.08,42370123.0
2025-01-21T00:00:00-05:00,230.71,228.9,231.78,226.94,39951500.0
2025-01-22T00:00:00-05:00,235.01,232.02,235.44,231.19,41448217.0
2025-01-23T00:00:00-05:00,235.42,234.1,235.52,231.51,26404400.0
2025-01-24T00:00:00-05:00,234.85,234.5,236.4,232.93,25890738.0
2025-01-27T00:00:00-05:00,235.42,226.21,235.61,225.86,49428332.0
2025-01-28T00:00:00-05:00,238.15,234.29,241.77,233.98,41587200.0
2025-01-29T00:00:00-05:00,237.07,239.02,240.39,236.15,26091716.0
2025-01-30T00:00:00-05:00,234.64,237.14,237.95,232.22,32020728.0
2025-01-31T00:00:00-05:00,237.68,236.5,240.29,236.41,36162400.0
2025-02-03T00:00:00-05:00,237.42,234.06,239.25,232.9,37285900.0
2025-02-04T00:00:00-05:00,242.06,239.01,242.52,238.03,29713812.0
2025-02-05T00:00:00-05:00,236.17,237.02,238.32,235.2,38832042.0
2025-02-06T00:00:00-05:00,238.83,238.01,239.66,236.01,60897100.0
2025-02-07T00:00:00-05:00,229.15,232.5,234.81,228.06,78075433.0
2025-02-10T00:00:00-05:00,233.14,230.55,233.92,229.2,35419926.0
2025-02-11T00:00:00-05:00,232.76,231.92,233.44,230.13,23713726.0
2025-02-12T00:00:00-05:00,228.93,230.46,231.18,228.16,32285249.0
2025-02-13T00:00:00-05:00,230.37,228.85,230.42,227.52,31346512.0
2025-02-14T00:00:00-05:00,228.68,229.2,229.89,227.23,27031100.0
2025-02-18T00:00:00-05:00,226.65,228.82,229.3,223.72,42975133.0
2025-02-19T00:00:00-05:00,226.63,225.52,226.83,223.71,28566709.0
2025-02-20T00:00:00-05:00,222.88,224.78,225.13,221.81,30001700.0
2025-02-21T00:00:00-05:00,216.58,223.28,223.31,214.74,55323900.0
2025-02-24T00:00:00-05:00,212.71,217.45,217.72,212.42,42387600.0
2025-02-25T00:00:00-05:00,212.8,211.63,213.34,204.16,58958000.0
2025-02-26T00:00:00-05:00,214.35,214.94,218.16,213.09,39120603.0
2025-02-27T00:00:00-05:00,208.74,218.35,219.97,208.37,40548600.0
2025-02-28T00:00:00-05:00,212.28,208.65,212.62,206.99,51771737.0
2025-03-03T00:00:00-05:00,205.02,213.35,214.01,202.55,42948447.0
2025-03-04T00:00:00-05:00,203.8,200.11,206.8,197.43,60853100.0
2025-03-05T00:00:00-05:00,208.36,204.8,209.98,203.26,38610100.0
2025-03-06T00:00:00-05:00,200.7,204.4,205.77,198.3,49863800.0
2025-03-07T00:00:00-05:00,199.25,199.49,202.27,192.53,59802821.0
2025-03-10T00:00:00-04:00,194.54,195.6,196.73,190.85,62350926.0
2025-03-11T00:00:00-04:00,196.59,193.9,200.18,193.4,54002900.0
2025-03-12T00:00:00-04:00,198.89,200.72,201.52,195.29,43679300.0
2025-03-13T00:00:00-04:00,193.89,198.17,198.88,191.82,41270800.0
2025-03-14T00:00:00-04:00,197.95,197.41,198.65,195.32,38096700.0
2025-03-17T00:00:00-04:00,195.74,198.77,199.0,194.32,47341800.0
2025-03-18T00:00:00-04:00,192.82,192.52,194.0,189.38,40414900.0
2025-03-19T00:00:00-04:00,195.54,193.38,195.97,191.96,39442900.0
2025-03-20T00:00:00-04:00,194.95,193.07,199.32,192.3,38921113.0
2025-03-21T00:00:00-04:00,196.21,192.9,196.99,192.52,60056917.0
2025-03-24T00:00:00-04:00,203.26,200.0,203.64,199.95,41625400.0
2025-03-25T00:00:00-04:00,205.71,203.6,206.21,203.22,31171200.0
2025-03-26T00:00:00-04:00,201.13,205.84,206.01,199.93,32991000.0
2025-03-27T00:00:00-04:00,201.36,200.89,203.79,199.28,27317700.0
2025-03-28T00:00:00-04:00,192.72,198.42,199.26,191.88,52548226.0
2025-03-31T00:00:00-04:00,190.26,188.19,191.33,184.4,63547600.0
2025-04-01T00:00:00-04:00,192.17,187.86,193.93,187.2,41267315.0
2025-04-02T00:00:00-04:00,196.01,187.66,198.34,187.66,53679200.0
2025-04-03T00:00:00-04:00,178.41,183.0,184.13,176.92,95553617.0
2025-04-04T00:00:00-04:00,171.0,167.15,178.14,166.0,123159400.0
2025-04-07T00:00:00-04:00,175.26,162.0,183.41,161.38,109327115.0
2025-04-08T00:00:00-04:00,170.66,185.23,185.9,168.57,87710400.0
2025-04-09T00:00:00-04:00,191.1,172.12,192.65,169.93,116804328.0
2025-04-10T00:00:00-04:00,181.22,185.44,186.87,175.85,68302045.0
2025-04-11T00:00:00-04:00,184.87,179.93,185.86,178.0,50594339.0
2025-04-14T00:00:00-04:00,182.12,186.84,187.44,179.23,48002540.0
2025-04-15T00:00:00-04:00,179.59,181.41,182.35,177.93,43642000.0
2025-04-16T00:00:00-04:00,174.33,176.29,179.1,171.41,51875316.0
2025-04-17T00:00:00-04:00,172.61,176.0,176.21,172.0,44726453.0
2025-04-21T00:00:00-04:00,167.32,169.6,169.6,165.29,48126111.0
2025-04-22T00:00:00-04:00,173.18,169.85,176.78,169.35,56607202.0
2025-04-23T00:00:00-04:00,180.6,183.45,187.38,180.19,63470149.0
2025-04-24T00:00:00-04:00,186.54,180.92,186.74,180.18,43763200.0
2025-04-25T00:00:00-04:00,188.99,187.62,189.94,185.49,36414330.0
2025-04-28T00:00:00-04:00,187.7,190.11,190.22,184.89,33224732.0
2025-04-29T00:00:00-04:00,187.39,183.99,188.02,183.68,41667300.0
2025-04-30T00:00:00-04:00,184.42,182.17,185.05,178.85,55176543.0
2025-05-01T00:00:00-04:00,190.2,190.63,191.81,187.5,74266000.0
2025-05-02T00:00:00-04:00,189.98,191.44,192.88,186.4,77903500.0
2025-05-05T00:00:00-04:00,186.35,186.51,188.18,185.53,35217500.0
2025-05-06T00:00:00-04:00,185.01,184.57,187.93,183.85,29314100.0
2025-05-07T00:00:00-04:00,188.71,185.56,190.99,185.01,44002926.0
2025-05-08T00:00:00-04:00,192.08,191.43,194.33,188.82,41043620.0
2025-05-09T00:00:00-04:00,193.06,193.38,194.69,191.16,29663143.0
2025-05-12T00:00:00-04:00,208.64,210.71,211.66,205.75,75205042.0
2025-05-13T00:00:00-04:00,211.37,211.08,214.84,210.1,56193700.0
2025-05-14T00:00:00-04:00,210.25,211.45,211.93,208.85,38492128.0
2025-05-15T00:00:00-04:00,205.17,206.45,206.88,202.67,64347317.0
2025-05-16T00:00:00-04:00,205.59,206.85,206.85,204.37,43318500.0
2025-05-19T00:00:00-04:00,206.16,201.65,206.62,201.26,34314810.0
2025-05-20T00:00:00-04:00,204.07,204.63,205.59,202.65,29470400.0
2025-05-21T00:00:00-04:00,201.12,201.61,203.46,200.06,42460924.0
2025-05-22T00:00:00-04:00,203.1,201.38,205.76,200.16,38938900.0
2025-05-23T00:00:00-04:00,200.99,198.9,202.37,197.85,33393545.0
2025-05-27T00:00:00-04:00,206.02,203.09,206.69,202.19,34892044.0
2025-05-28T00:00:00-04:00,204.72,205.92,207.66,204.41,28549800.0
2025-05-29T00:00:00-04:00,205.7,208.03,208.81,204.23,34700005.0
2025-05-30T00:00:00-04:00,205.01,204.84,205.99,201.7,51679406.0
2025-06-02T00:00:00-04:00,206.65,204.98,207.0,202.68,29113319.0
2025-06-03T00:00:00-04:00,205.71,207.11,208.95,205.03,33139121.0
2025-06-04T00:00:00-04:00,207.23,206.55,208.18,205.18,29915600.0
2025-06-05T00:00:00-04:00,207.91,209.55,212.81,207.56,51979243.0
2025-06-06T00:00:00-04:00,213.57,212.4,213.87,210.5,39832500.0
2025-06-09T00:00:00-04:00,216.98,214.75,217.85,212.88,38102502.0
2025-06-10T00:00:00-04:00,217.61,216.78,217.69,214.15,31303317.0
2025-06-11T00:00:00-04:00,213.2,217.41,218.4,212.89,39326000.0
2025-06-12T00:00:00-04:00,213.24,211.78,213.58,211.33,27640000.0
2025-06-13T00:00:00-04:00,212.1,209.96,214.05,209.62,29337800.0
2025-06-16T00:00:00-04:00,216.1,212.31,217.06,211.6,33284200.0
2025-06-17T00:00:00-04:00,214.82,215.2,217.41,214.56,32086300.0
2025-06-18T00:00:00-04:00,212.52,215.09,217.96,212.34,44360509.0
2025-06-20T00:00:00-04:00,209.69,214.68,214.89,208.27,75350733.0
2025-06-23T00:00:00-04:00,208.47,209.79,210.39,207.31,37311725.0
2025-06-24T00:00:00-04:00,212.77,212.14,214.34,211.05,38378800.0
2025-06-25T00:00:00-04:00,211.99,214.62,216.03,211.11,31755700.0
2025-06-26T00:00:00-04:00,217.12,213.12,218.04,212.01,50480814.0
2025-06-27T00:00:00-04:00,223.3,219.92,223.3,216.74,119217138.0
2025-06-30T00:00:00-04:00,219.39,223.52,223.82,219.12,58887800.0
2025-07-01T00:00:00-04:00,220.46,219.5,221.88,217.93,39256830.0
2025-07-02T00:00:00-04:00,219.92,219.73,221.6,219.06,30894200.0
2025-07-03T00:00:00-04:00,223.41,221.82,224.01,221.36,29632400.0
2025-07-07T00:00:00-04:00,223.47,223.0,224.29,222.37,36604139.0
2025-07-08T00:00:00-04:00,219.36,223.92,224.0,218.43,45692000.0
2025-07-09T00:00:00-04:00,222.54,221.07,224.29,220.47,38155121.0
2025-07-10T00:00:00-04:00,222.26,221.55,222.79,219.7,30370600.0
2025-07-11T00:00:00-04:00,225.02,223.58,226.68,222.37,50518307.0
2025-07-14T00:00:00-04:00,225.69,225.07,226.66,224.24,35702600.0
2025-07-15T00:00:00-04:00,226.35,226.2,227.27,225.46,34907300.0
2025-07-16T00:00:00-04:00,223.19,225.88,226.1,222.18,39535926.0
2025-07-17T00:00:00-04:00,223.88,223.32,224.5,222.51,31855831.0
2025-07-18T00:00:00-04:00,226.13,225.14,226.4,222.98,37833807.0
2025-07-21T00:00:00-04:00,229.3,225.84,229.69,225.65,40297600.0
2025-07-22T00:00:00-04:00,227.47,229.68,230.0,226.35,37483702.0
2025-07-23T00:00:00-04:00,228.29,228.47,228.79,227.09,28294900.0
2025-07-24T00:00:00-04:00,232.23,229.17,236.0,228.64,42902300.0
2025-07-25T00:00:00-04:00,231.44,232.22,232.48,231.18,28712100.0
2025-07-28T00:00:00-04:00,232.79,233.35,234.29,232.25,26300138.0
2025-07-29T00:00:00-04:00,231.01,234.15,234.72,230.31,33716220.0
2025-07-30T00:00:00-04:00,230.19,231.64,231.8,229.29,32993300.0
2025-07-31T00:00:00-04:00,234.11,235.77,236.53,231.4,104357300.0
2025-08-01T00:00:00-04:00,214.75,217.21,220.44,212.8,122258801.0
2025-08-04T00:00:00-04:00,211.65,217.4,217.44,211.42,77890146.0
2025-08-05T00:00:00-04:00,213.75,213.05,216.3,212.87,51505121.0
2025-08-06T00:00:00-04:00,222.31,214.7,222.65,213.74,54823045.0
2025-08-07T00:00:00-04:00,223.13,221.0,226.22,220.82,40603513.0
2025-08-08T00:00:00-04:00,222.69,223.14,223.8,221.88,32970500.0
2025-08-11T00:00:00-04:00,221.3,221.78,223.05,220.4,31646222.0
2025-08-12T00:00:00-04:00,221.47,222.23,223.5,219.05,37254707.0
2025-08-13T00:00:00-04:00,224.56,222.0,224.92,222.0,36508335.0
2025-08-14T00:00:00-04:00,230.98,227.4,233.11,227.02,58899079.0
